Location Properties,,,,,,,,,,,,
Location Name = default-858237,,,,,,,,,,,,
Location ID = 6017613865156608,,,,,,,,,,,,
Latitude = 40.58833 °,,,,,,,,,,,,
Longitude = -105.06587 °,,,,,,,,,,,,
Time shown in UTC ,,,,,,,,,,,,
,,,,,,,,,,,,
,,,,,,,,,,,,
Date Time,Turbidity (NTU),DO (mg/L),% Saturation O₂ (% sat),Partial Pressure O₂ (psi),Actual Conductivity (µS/cm),Specific Conductivity (µS/cm),Salinity (psu),Resistivity (Ω-cm),Density (g/cm³),Total Dissolved Solids (mg/L),Temperature (C),External Voltage (V)
9/21/25 4:00:00.000,0,9.093409538,100.0540924,2.659858432,0.054945055,0.064920403,0,1.82E+07,0.998784602,0.042198262,16.95523262,15.76799965
9/21/25 4:10:00.000,0,9.097797394,100.0656433,2.660392778,0.054945055,0.064941362,0,1.82E+07,0.998787045,0.042211886,16.94093132,15.77700043
9/21/25 4:20:00.000,0,9.101112366,100.1006165,2.661003544,0.054945055,0.064951502,0,1.82E+07,0.998788416,0.042218475,16.93401909,15.75899982
9/21/25 4:30:00.000,0,9.101350784,100.1137466,2.661186183,0.054945055,0.064948261,0,1.82E+07,0.99878794,0.042216368,16.93622589,15.78600025
9/21/25 4:40:00.000,0,9.085012436,99.92671967,2.656283537,0.054945055,0.064951822,0,1.82E+07,0.998788357,0.042218682,16.93379593,15.75899982
9/21/25 4:50:00.000,0,9.083672523,99.92646027,2.656203576,0.054945055,0.064943127,0,1.82E+07,0.998787344,0.042213032,16.93972969,15.76799965
9/21/25 5:00:00.000,0,9.09118557,100.0190582,2.658755809,0.054945055,0.064933114,0,1.82E+07,0.998786151,0.042206524,16.94655609,15.76799965
9/21/25 5:10:00.000,0,9.077040672,99.89571381,2.654947819,0.054945055,0.06492383,0,1.82E+07,0.998785019,0.042200489,16.95289421,15.78600025
9/21/25 5:20:00.000,0,9.098036766,100.1529388,2.661565625,0.054945055,0.064910494,0,1.82E+07,0.998783469,0.042191819,16.96199417,15.77700043
9/21/25 5:30:00.000,0,9.089453697,100.0646744,2.658967954,0.054945055,0.064913027,0,1.82E+07,0.998783827,0.042193467,16.96026611,15.75899982
9/21/25 5:40:00.000,0,9.083444595,100.0037003,2.657603026,0.054945055,0.064901829,0,1.82E+07,0.998782396,0.042186188,16.96791458,15.78600025
9/21/25 5:50:00.000,0,9.086727142,100.0670929,2.658939629,0.054945055,0.064891465,0,1.82E+07,0.998781204,0.042179454,16.97499275,15.76799965
9/21/25 6:00:00.000,0,9.101261139,100.2273636,2.663576725,0.054945055,0.064880662,0,1.82E+07,0.998779893,0.042172429,16.98237801,15.76799965
9/21/25 6:10:00.000,0,9.081882477,100.0185776,2.658350402,0.054945055,0.064868107,0,1.82E+07,0.998778522,0.042164273,16.99095917,15.76799965
9/21/25 6:20:00.000,0,9.071389198,99.90665436,2.65545443,0.054945055,0.06486325,0,1.82E+07,0.998777866,0.042161111,16.99427605,15.75899982
9/21/25 6:30:00.000,0,9.078003883,99.98286438,2.657171359,0.054945055,0.064869344,0,1.82E+07,0.998778641,0.042165073,16.9901104,15.78600025
9/21/25 6:40:00.000,0,9.077272415,99.96737671,2.6566736,0.054945055,0.064877369,0,1.82E+07,0.998779535,0.04217029,16.98462296,15.76799965
9/21/25 6:50:00.000,0,9.083455086,100.0452805,2.658508847,0.054945055,0.064876668,0,1.82E+07,0.998779416,0.042169835,16.9851017,15.79500008
9/21/25 7:00:00.000,0,9.083032608,100.0353775,2.658061838,0.054945055,0.064885721,0,1.82E+07,0.998780608,0.042175721,16.97891998,15.76799965
9/21/25 7:10:00.000,0,9.093328476,100.157486,2.660925059,0.054945055,0.064889848,0,1.82E+07,0.998781025,0.042178403,16.97609901,15.75899982
9/21/25 7:20:00.000,0,9.079154968,99.98493958,2.656519286,0.054945055,0.064897113,0,1.82E+07,0.998781919,0.042183121,16.97113609,15.75899982
9/21/25 7:30:00.000,0,9.077531815,99.97439575,2.656138074,0.054945055,0.06489449,0,1.82E+07,0.998781621,0.042181418,16.97292519,15.75899982
9/21/25 7:40:00.000,0,9.092482567,100.1313477,2.660239644,0.054945055,0.064902119,0,1.82E+07,0.998782456,0.042186377,16.96771431,15.76799965
9/21/25 7:50:00.000,4.841731548,9.088067055,100.0628357,2.65833919,0.054945055,0.064919129,0,1.82E+07,0.998784482,0.042197433,16.95610046,15.77700043
9/21/25 8:00:00.000,0,9.095273018,100.0781555,2.659094238,0.054945055,0.064957172,0,1.82E+07,0.998788953,0.042222164,16.93014908,15.75
9/21/25 8:10:00.000,0,9.103172302,100.1067963,2.659876726,0.054945055,0.064999968,0,1.82E+07,0.998794079,0.04224998,16.90099335,15.75
9/21/25 8:20:00.000,0,9.111079216,100.08992,2.65981742,0.054945055,0.065066531,0,1.82E+07,0.998801827,0.042293246,16.85571671,15.76799965
9/21/25 8:30:00.000,0,9.111456871,100.0115433,2.657537524,0.054945055,0.06513378,0,1.82E+07,0.998809755,0.042336957,16.81006813,15.75
9/21/25 8:40:00.000,0,9.122747421,100.059967,2.659155019,0.054945055,0.065180838,0,1.82E+07,0.998815179,0.042367545,16.77818108,15.78600025
9/21/25 8:50:00.000,0,9.141522408,100.1552658,2.661852124,0.054945055,0.065258972,0,1.82E+07,0.99882412,0.042418334,16.7253437,15.75
9/21/25 9:00:00.000,0,9.144634247,100.1452637,2.661791343,0.054945055,0.065286078,0,1.82E+07,0.998827279,0.04243595,16.70703888,15.76799965
9/21/25 9:10:00.000,0,9.137214661,100.0301819,2.658808624,0.054945055,0.065309368,0,1.82E+07,0.99883002,0.042451091,16.69132423,15.75
9/21/25 9:20:00.000,0,9.148686409,100.1480026,2.662010864,0.054945055,0.065313108,0,1.82E+07,0.998830378,0.042453521,16.68880463,15.75
9/21/25 9:30:00.000,0,9.151321411,100.1547852,2.66241155,0.054945055,0.065323479,0,1.82E+07,0.99883163,0.042460262,16.68180847,15.76799965
9/21/25 9:40:00.000,0,9.141628265,100.0555954,2.659916558,0.054945055,0.065314315,0,1.82E+07,0.998830557,0.042454303,16.68798828,15.75
9/21/25 9:50:00.000,0,9.149256706,100.1432877,2.662379094,0.054945055,0.065307453,0,1.82E+07,0.998829782,0.042449847,16.69261932,15.75
9/21/25 10:00:00.000,0,9.137312889,100.0084229,2.658724828,0.054945055,0.065312535,0,1.82E+07,0.998830318,0.04245315,16.68918991,15.75899982
9/21/25 10:10:00.000,0,9.136187553,100.0169678,2.658823967,0.054945055,0.06530048,0,1.82E+07,0.998829007,0.04244531,16.69732285,15.77700043
9/21/25 10:20:00.000,0,9.138688087,100.0480423,2.65963596,0.054945055,0.06529817,0,1.82E+07,0.99882865,0.042443811,16.69888306,15.75899982
9/21/25 10:30:00.000,0,9.149138451,100.151268,2.662605402,0.054945055,0.065300182,0,1.82E+07,0.998828828,0.042445117,16.69752121,15.76799965
9/21/25 10:40:00.000,0,9.148210526,100.1284332,2.66230769,0.054945055,0.065300994,0,1.82E+07,0.998829067,0.042445648,16.69697571,15.78600025
9/21/25 10:50:00.000,0,9.141224861,100.0578918,2.660524963,0.054945055,0.065293923,0,1.82E+07,0.998828173,0.04244105,16.70174599,15.75
9/21/25 11:00:00.000,0,9.149089813,100.1341553,2.663029692,0.054945055,0.065287791,0,1.82E+07,0.998827517,0.042437063,16.70588303,15.76799965
9/21/25 11:10:00.000,0,9.134510994,99.97241211,2.658821606,0.054945055,0.065286703,0,1.82E+07,0.998827338,0.042436357,16.70661545,15.74100018
9/21/25 11:20:00.000,0,9.14782238,100.12603,2.66280663,0.054945055,0.065283686,0,1.82E+07,0.99882704,0.042434396,16.70865631,15.75899982
9/21/25 11:30:00.000,0,9.145503044,100.0671463,2.661689253,0.054945055,0.065296225,0,1.82E+07,0.998828471,0.042442549,16.70018959,15.75899982
9/21/25 11:40:00.000,0,9.161389351,100.2363129,2.66622249,0.054945055,0.065298639,0,1.82E+07,0.998828769,0.042444117,16.69856453,15.76799965
9/21/25 11:50:00.000,0,9.146830559,100.0779648,2.662382339,0.054945055,0.06528756,0,1.82E+07,0.998827517,0.042436914,16.70604134,15.76799965
9/21/25 12:00:00.000,0,9.149409294,100.1159973,2.663512108,0.054945055,0.065276816,0,1.82E+07,0.998826206,0.042429929,16.71329498,15.75899982
9/21/25 12:10:00.000,0,9.136529922,99.97784424,2.660035466,0.054945055,0.065269098,0,1.82E+07,0.998825312,0.042424916,16.71850586,15.78600025
9/21/25 12:20:00.000,0,9.144774437,100.0871658,2.662969205,0.054945055,0.065254122,0,1.82E+07,0.998823583,0.04241518,16.72861481,15.74100018
9/21/25 12:30:00.000,0,9.143238068,100.0826569,2.663078966,0.054945055,0.065238416,0,1.82E+07,0.998821855,0.042404969,16.7392292,15.75899982
9/21/25 12:40:00.000,0,9.130539894,99.96109009,2.660094477,0.054945055,0.065218322,0,1.82E+07,0.998819411,0.042391908,16.75282097,15.76799965
9/21/25 12:50:00.000,0,9.14136219,100.0902328,2.663546629,0.054945055,0.065209836,0,1.82E+07,0.998818517,0.042386393,16.75856018,15.76799965
9/21/25 13:00:00.000,0,9.139501572,100.0950089,2.663741956,0.054945055,0.065189108,0,1.82E+07,0.998816133,0.042372922,16.77258682,15.77700043
9/21/25 13:10:00.000,0,9.127859116,99.99032593,2.661139564,0.054945055,0.06516701,0,1.82E+07,0.99881351,0.042358555,16.78754997,15.75
9/21/25 13:20:00.000,0,9.129865646,100.0650024,2.662917275,0.054945055,0.0651334,0,1.82E+07,0.998809695,0.042336713,16.81032753,15.75899982
9/21/25 13:30:00.000,0,9.115789413,100.0121384,2.661420458,0.054945055,0.065060042,0,1.82E+07,0.998801112,0.04228903,16.8601265,15.75899982
9/21/25 13:40:00.000,0,9.114419937,100.1027603,2.663756709,0.054945055,0.064983279,0,1.82E+07,0.998792112,0.042239131,16.91235924,15.75899982
9/21/25 13:50:00.000,0,9.099995613,100.0599518,2.662822267,0.054945055,0.064891435,0,1.82E+07,0.998781264,0.042179432,16.97501183,15.75899982
9/21/25 14:00:00.000,2.966962576,9.082310677,99.9261322,2.659155609,0.054945055,0.064849079,0,1.82E+07,0.998776197,0.0421519,17.00396919,15.76799965
9/21/25 14:10:00.000,0,9.080350876,99.97686768,2.660470968,0.054945055,0.064796217,0,1.82E+07,0.998769879,0.042117543,17.04015923,15.75899982
9/21/25 14:20:00.000,0,9.067282677,99.94742584,2.659114007,0.054945055,0.064727031,0,1.82E+07,0.998761594,0.04207257,17.08761024,15.75899982
9/21/25 14:30:00.000,0,9.065834999,100.0918045,2.66262458,0.054945055,0.064617299,0,1.82E+07,0.998748422,0.042001247,17.16308784,15.75899982
9/21/25 14:40:00.000,0,9.036561012,99.94062042,2.658306439,0.054945055,0.064497791,0,1.82E+07,0.998733878,0.041923566,17.24557686,15.75899982
9/21/25 14:50:00.000,0,9.020882607,99.90371704,2.656950363,0.054945055,0.064407013,0,1.82E+07,0.998722732,0.041864558,17.30843925,15.76799965
9/21/25 15:00:00.000,0,9.007549286,99.8740387,2.655864557,0.054945055,0.064328037,0,1.82E+07,0.998713017,0.041813222,17.36326981,15.76799965
9/21/25 15:10:00.000,0,8.984334946,99.80363464,2.653748122,0.054945055,0.064196475,0,1.82E+07,0.998696744,0.041727708,17.45491982,15.78600025
9/21/25 15:20:00.000,0,8.991449356,99.95271301,2.657482938,0.054945055,0.064151183,0,1.82E+07,0.998691022,0.041698269,17.48655891,15.79500008
9/21/25 15:30:00.000,0,8.976421356,99.87931061,2.655265004,0.054945055,0.064089574,0,1.82E+07,0.998683274,0.041658226,17.52966499,15.75899982
9/21/25 15:40:00.000,0,8.976918221,100.1169205,2.661345513,0.054945055,0.063925602,0,1.82E+07,0.998662531,0.041551641,17.64479828,15.78600025
9/21/25 15:50:00.000,0,8.938204765,99.9076004,2.655028369,0.054945055,0.063783094,0,1.82E+07,0.998644292,0.04145901,17.74534225,15.75899982
9/21/25 16:00:00.000,0,8.923693657,99.8406601,2.653134701,0.054945055,0.063716374,0,1.82E+07,0.998635709,0.041415646,17.79256821,15.77700043
9/21/25 16:10:00.000,0,8.921494484,99.85231781,2.653348912,0.054945055,0.063692473,0,1.82E+07,0.99863261,0.041400108,17.809515,15.79500008
9/21/25 16:20:00.000,0,8.90878582,99.73846436,2.650055794,0.054945055,0.063679047,0,1.82E+07,0.998630822,0.04139138,17.81903267,15.77700043
9/21/25 16:30:00.000,0,8.908613205,99.84905243,2.652486759,0.054945055,0.063610569,0,1.82E+07,0.998622,0.04134687,17.86766434,15.77700043
9/21/25 16:40:00.000,0,8.908053398,99.96871185,2.655519932,0.054945055,0.063522704,0,1.82E+07,0.998610437,0.041289757,17.93021965,15.76799965
9/21/25 16:50:00.000,0,8.896139145,99.91552734,2.653773202,0.054945055,0.06347318,0,1.82E+07,0.99860388,0.041257565,17.96555138,15.76799965
9/21/25 17:00:00.000,0,8.878363609,99.79541016,2.65024227,0.054945055,0.06342455,0,1.82E+07,0.998597562,0.041225958,18.00030136,15.78600025
9/21/25 17:10:00.000,0,8.865457535,99.7365799,2.648232055,0.054945055,0.063373856,0,1.82E+07,0.998590827,0.041193005,18.03658485,15.78600025
9/21/25 17:20:00.000,0,8.862616539,99.79750061,2.649411983,0.054945055,0.063318215,0,1.82E+07,0.998583436,0.04115684,18.07647514,15.77700043
9/21/25 17:30:00.000,0,8.853784561,99.76277924,2.648027876,0.054945055,0.063283741,0,1.82E+07,0.998578846,0.041134434,18.1012249,15.79500008
9/21/25 17:40:00.000,0,8.845678329,99.78947449,2.648237366,0.054945055,0.063211568,0,1.82E+07,0.998569131,0.041087518,18.15312576,15.76799965
9/21/25 17:50:00.000,0,8.841017723,99.8236084,2.648871145,0.054945055,0.063155904,0,1.82E+07,0.998561561,0.041051338,18.1932373,15.76799965
9/21/25 18:00:00.000,0,8.828083992,99.72515869,2.645713754,0.054945055,0.063136332,0,1.82E+07,0.998558998,0.041038616,18.20735359,15.77700043
9/21/25 18:10:00.000,0,8.836606026,99.90058136,2.649711759,0.054945055,0.063096836,0,1.82E+07,0.998553693,0.041012943,18.23587608,15.75899982
9/21/25 18:20:00.000,0,8.815130234,99.74575043,2.645282087,0.054945055,0.063041866,0,1.82E+07,0.998546183,0.040977211,18.27562904,15.77700043
9/21/25 18:30:00.000,0,8.803507805,99.68349457,2.643117263,0.054945055,0.063005596,0,1.82E+07,0.998541236,0.040953637,18.30189705,15.79500008
9/21/25 18:40:00.000,0.164458513,8.804327965,99.70578766,2.643495819,0.054945055,0.063002072,0,1.82E+07,0.998540759,0.040951349,18.3044548,15.79500008
9/21/25 18:50:00.000,0,8.80753231,99.7535553,2.64423877,0.054945055,0.063007981,0,1.82E+07,0.998541653,0.040955187,18.30017281,15.8039999
9/21/25 19:00:00.000,0,8.797494888,99.78118134,2.644486912,0.054945055,0.062918872,0,1.82E+07,0.998529434,0.040897266,18.36483002,15.77700043
9/21/25 19:10:00.000,0,8.798725128,99.92166138,2.647383769,0.054945055,0.06285008,0,1.82E+07,0.998519957,0.040852552,18.41487503,15.77700043
9/21/25 19:20:00.000,0,8.78112793,99.84751129,2.644867829,0.054945055,0.062774234,0,1.82E+07,0.998509467,0.04080325,18.4701767,15.77700043
9/21/25 19:30:00.000,0,8.772930145,99.82181549,2.64333767,0.054945055,0.062748678,0,1.82E+07,0.998505831,0.040786639,18.48884201,15.77700043
9/21/25 19:40:00.000,0,8.757733345,99.66619873,2.638703229,0.054945055,0.062750183,0,1.82E+07,0.998506129,0.040787621,18.48773956,15.76799965
9/21/25 19:50:00.000,0,8.771039963,99.89182281,2.644160285,0.054945055,0.062710769,0,1.82E+07,0.998500645,0.040762003,18.51655197,15.76799965
9/21/25 20:00:00.000,0,8.760547638,99.79943085,2.641426888,0.054945055,0.062699132,0,1.82E+07,0.998499155,0.040754436,18.52506638,15.75899982
9/21/25 20:10:00.000,0,8.750246048,99.66796875,2.637683811,0.054945055,0.062716432,0,1.82E+07,0.99850148,0.040765681,18.51241112,15.77700043
9/21/25 20:20:00.000,0,8.758711815,99.847435,2.641903108,0.054945055,0.062671058,0,1.82E+07,0.998495102,0.040736188,18.54561806,15.77700043
9/21/25 20:30:00.000,0,8.75833416,99.83410645,2.641145995,0.054945055,0.062688582,0,1.82E+07,0.998497546,0.040747578,18.53279114,15.78600025
9/21/25 20:40:00.000,0,8.756590843,99.797966,2.640071107,0.054945055,0.062703542,0,1.82E+07,0.998499572,0.040757302,18.52183914,15.8039999
9/21/25 20:50:00.000,0,8.758658409,99.81312561,2.640209193,0.054945055,0.062716797,0,1.82E+07,0.998501539,0.040765917,18.51214409,15.78600025
9/21/25 21:00:00.000,0,8.758915901,99.78688812,2.639651833,0.054945055,0.062734127,0,1.82E+07,0.998503923,0.040777184,18.49947548,15.78600025
9/21/25 21:10:00.000,0,8.750476837,99.70559692,2.637577886,0.054945055,0.062721319,0,1.82E+07,0.998502135,0.040768857,18.50883484,15.78600025
9/21/25 21:20:00.000,0,8.778017044,99.98812866,2.645017717,0.054945055,0.062744729,0,1.82E+07,0.998505354,0.040784074,18.49172592,15.78600025
9/21/25 21:30:00.000,0,8.770910263,99.84857178,2.641549042,0.054945055,0.062780924,0,1.82E+07,0.998510361,0.040807598,18.46529579,15.76799965
9/21/25 21:40:00.000,0,8.773164749,99.86943054,2.641686242,0.054945055,0.062795579,0,1.82E+07,0.998512387,0.040817129,18.45459747,15.78600025
9/21/25 21:50:00.000,0,8.7709198,99.80303955,2.64027322,0.054945055,0.062815778,0,1.82E+07,0.998515189,0.040830255,18.43986702,15.79500008
9/21/25 22:00:00.000,0,8.771781921,99.78707123,2.640143986,0.054945055,0.062826313,0,1.82E+07,0.998516679,0.040837105,18.43219185,15.76799965
9/21/25 22:10:00.000,0,8.764451027,99.68481445,2.637390821,0.054945055,0.062841356,0,1.82E+07,0.998518765,0.040846884,18.42122841,15.78600025
9/21/25 22:20:00.000,0,8.770314217,99.72888947,2.638617367,0.054945055,0.062855966,0,1.82E+07,0.998520792,0.040856379,18.41058731,15.76799965
9/21/25 22:30:00.000,0,8.778222084,99.81746674,2.640952734,0.054945055,0.062857218,0,1.82E+07,0.998520911,0.04085719,18.40967751,15.76799965
9/21/25 22:40:00.000,0,8.774559975,99.74238586,2.639045788,0.054945055,0.06287919,0,1.82E+07,0.998523891,0.040871473,18.39368248,15.77700043
9/21/25 22:50:00.000,0,8.79279232,99.91448975,2.643984137,0.054945055,0.062894091,0,1.82E+07,0.998525977,0.040881157,18.38284874,15.76799965
9/21/25 23:00:00.000,0,8.79771328,99.92188263,2.644891433,0.054945055,0.062909625,0,1.82E+07,0.998528123,0.040891257,18.37155151,15.79500008
9/21/25 23:10:00.000,0,8.793199539,99.81985474,2.642216753,0.054945055,0.062945589,0,1.82E+07,0.99853313,0.040914634,18.34542656,15.76799965
9/21/25 23:20:00.000,0,8.78728199,99.67692566,2.638415549,0.054945055,0.063001111,0,1.82E+07,0.998540699,0.040950723,18.30514717,15.75899982
9/21/25 23:30:00.000,0,8.802885056,99.77894592,2.641368762,0.054945055,0.063048355,0,1.82E+07,0.998547137,0.040981431,18.27093124,15.77700043
9/21/25 23:40:00.000,0,8.826514244,99.94046783,2.645898459,0.054945055,0.063118383,0,1.82E+07,0.998556495,0.041026949,18.22031021,15.76799965
9/21/25 23:50:00.000,0,8.84371376,99.98426819,2.647356624,0.054945055,0.06321951,0,1.82E+07,0.998570204,0.04109268,18.14740944,15.76799965
9/22/25 0:00:00.000,0,8.849480629,99.82501221,2.643710915,0.054945055,0.063366927,0,1.82E+07,0.998589933,0.041188501,18.04154587,15.76799965
9/22/25 0:10:00.000,0,8.900082588,100.0984116,2.65199018,0.054945055,0.063554354,0,1.82E+07,0.99861455,0.04131033,17.90766907,15.76799965
9/22/25 0:20:00.000,0,8.902033806,99.85877991,2.646529288,0.054945055,0.063720964,0,1.82E+07,0.998636305,0.041418625,17.78931808,15.77700043
9/22/25 0:30:00.000,0,8.940468788,100.0487747,2.652075156,0.054945055,0.063883148,0,1.82E+07,0.998657167,0.041524047,17.67470169,15.79500008
9/22/25 0:40:00.000,0,8.947542191,99.93435669,2.649767525,0.054945055,0.064004943,0,1.82E+07,0.998672605,0.041603213,17.58901215,15.75899982
9/22/25 0:50:00.000,0,8.973103523,99.9171524,2.650249941,0.054945055,0.064201526,0,1.82E+07,0.9986974,0.041730989,17.45139313,15.75899982
9/22/25 1:00:00.000,0,9.00223732,100.0666428,2.654676368,0.054945055,0.064317442,0,1.82E+07,0.998711705,0.041806339,17.37064362,15.77700043
9/22/25 1:10:00.000,0,9.001948357,99.88260651,2.650246696,0.054945055,0.064438485,0,1.82E+07,0.998726606,0.041885018,17.28662491,15.76799965
9/22/25 1:20:00.000,0,9.025115967,99.97475433,2.652991894,0.054945055,0.064552277,0,1.82E+07,0.998740613,0.041958981,17.20793152,15.78600025
9/22/25 1:30:00.000,0,9.047046661,100.0992279,2.656598951,0.054945055,0.064631499,0,1.82E+07,0.99875015,0.042010473,17.15330696,15.75
9/22/25 1:40:00.000,0,9.040790558,99.91327667,2.651826719,0.054945055,0.064713545,0,1.82E+07,0.998759985,0.042063806,17.09687424,15.75
9/22/25 1:50:00.000,0,9.052526474,99.92706299,2.652367261,0.054945055,0.064794861,0,1.82E+07,0.99876976,0.042116659,17.0410881,15.75899982
9/22/25 2:00:00.000,0,9.067400932,99.99452972,2.654388688,0.054945055,0.064860381,0,1.82E+07,0.998777568,0.042159245,16.99623871,15.76799965
9/22/25 2:10:00.000,0,9.083580017,100.0247116,2.655435546,0.054945055,0.064963855,0,1.82E+07,0.998789787,0.042226508,16.92559242,15.75
9/22/25 2:20:00.000,0,9.10754776,100.1782608,2.659550984,0.054945055,0.065044977,0,1.82E+07,0.998799264,0.042279233,16.87036705,15.75899982
9/22/25 2:30:00.000,0,9.115255356,100.1792603,2.659538002,0.054945055,0.06510856,0,1.82E+07,0.998806775,0.042320564,16.82717705,15.75899982
9/22/25 2:40:00.000,0,9.115974426,100.1162643,2.657876248,0.054945055,0.065161161,0,1.82E+07,0.998812854,0.042354754,16.79150963,15.75899982
9/22/25 2:50:00.000,0,9.12430191,100.1202393,2.658481112,0.054945055,0.065212518,0,1.82E+07,0.998818815,0.042388136,16.75674248,15.76799965
9/22/25 3:00:00.000,0,9.141759872,100.1848221,2.660324915,0.054945055,0.065303899,0,1.82E+07,0.998829365,0.042447537,16.69501495,15.76799965
9/22/25 3:10:00.000,0,9.146214485,100.1212463,2.658965003,0.054945055,0.065378815,0,1.82E+07,0.998837888,0.042496227,16.64453888,15.76799965
9/22/25 3:20:00.000,0,9.152562141,100.076622,2.657824318,0.054945055,0.065463327,0,1.82E+07,0.998847544,0.042551161,16.58773613,15.78600025
9/22/25 3:30:00.000,0,9.164000511,100.0844955,2.658144158,0.054945055,0.065548174,0,1.82E+07,0.9988572,0.042606316,16.53085136,15.76799965
9/22/25 3:40:00.000,0,9.174736023,100.0971222,2.65849911,0.054945055,0.065626346,0,1.82E+07,0.998865962,0.042657124,16.47857475,15.75899982
9/22/25 3:50:00.000,0,9.179426193,100.0790634,2.657974501,0.054945055,0.0656799,0,1.82E+07,0.998871982,0.042691936,16.44283295,15.77700043
9/22/25 4:00:00.000,0,9.192927361,100.167923,2.660050514,0.054945055,0.065731913,0,1.82E+07,0.998877704,0.042725744,16.40817642,15.77700043
9/22/25 4:10:00.000,0,9.20376873,100.1969757,2.661042786,0.054945055,0.065792784,0,1.82E+07,0.998884439,0.04276531,16.36768532,15.75899982
9/22/25 4:20:00.000,0,9.196860313,100.114151,2.659025785,0.054945055,0.065793224,0,1.82E+07,0.998884559,0.042765598,16.36739349,15.78600025
9/22/25 4:30:00.000,0,9.206859589,100.2154312,2.661586574,0.054945055,0.065802731,0,1.82E+07,0.998885632,0.042771775,16.36107826,15.75899982
9/22/25 4:40:00.000,0,9.212087631,100.2945709,2.663465784,0.054945055,0.06579224,0,1.82E+07,0.998884439,0.042764957,16.36804771,15.75899982
9/22/25 4:50:00.000,0,9.197313309,100.1913452,2.66056273,0.054945055,0.065753363,0,1.82E+07,0.998880088,0.042739688,16.39390182,15.76799965
9/22/25 5:00:00.000,0,9.190936089,100.1917267,2.660363568,0.054945055,0.065706566,0,1.82E+07,0.998874903,0.042709267,16.42506027,15.76799965
9/22/25 5:10:00.000,0,9.183408737,100.1832352,2.659894724,0.054945055,0.065658011,0,1.82E+07,0.998869419,0.042677708,16.45743561,15.76799965
9/22/25 5:20:00.000,0,9.187869072,100.2886734,2.662657921,0.054945055,0.065616377,0,1.82E+07,0.998864889,0.042650645,16.48523712,15.75899982
9/22/25 5:30:00.000,0,9.178619385,100.2341461,2.661151662,0.054945055,0.065582953,0,1.82E+07,0.998861015,0.042628919,16.50758171,15.76799965
9/22/25 5:40:00.000,0,9.163442612,100.1421051,2.658265721,0.054945055,0.065540209,0,1.82E+07,0.998856246,0.042601136,16.5361824,15.76799965
9/22/25 5:50:00.000,0,9.15713501,100.1583405,2.658651064,0.054945055,0.065477498,0,1.82E+07,0.998849154,0.042560376,16.57822227,15.77700043
9/22/25 6:00:00.000,0,9.138123512,99.95145416,2.653087788,0.054945055,0.065478608,0,1.82E+07,0.998849332,0.042561096,16.57747841,15.78600025
9/22/25 6:10:00.000,0,9.170344353,100.2814941,2.661902579,0.054945055,0.065493777,0,1.82E+07,0.998850942,0.042570955,16.56730461,15.75
9/22/25 6:20:00.000,0,9.169135094,100.2143402,2.660073233,0.054945055,0.065535747,0,1.82E+07,0.99885577,0.042598236,16.53917694,15.75899982
9/22/25 6:30:00.000,0,9.164009094,100.1019821,2.656940626,0.054945055,0.06558226,0,1.82E+07,0.998860955,0.042628468,16.50804138,15.77700043
9/22/25 6:40:00.000,0,9.177911758,100.225296,2.660130179,0.054945055,0.065606236,0,1.82E+07,0.998863697,0.042644057,16.49201202,15.76799965
9/22/25 6:50:00.000,0,9.18191433,100.1877747,2.658932842,0.054945055,0.065673023,0,1.82E+07,0.998871148,0.042687465,16.44742012,15.76799965
9/22/25 7:00:00.000,0,9.169690132,100.0393295,2.654889693,0.054945055,0.065687425,0,1.82E+07,0.998872757,0.042696829,16.43781471,15.75
9/22/25 7:10:00.000,0,9.179740906,100.1324615,2.657141264,0.054945055,0.065706044,0,1.82E+07,0.998874843,0.042708929,16.42540741,15.76799965
9/22/25 7:20:00.000,0,9.186252594,100.1965866,2.65881659,0.054945055,0.06571205,0,1.82E+07,0.998875558,0.042712833,16.42140579,15.75899982
9/22/25 7:30:00.000,0,9.182567596,100.1877289,2.658746367,0.054945055,0.065683685,0,1.82E+07,0.998872399,0.042694395,16.44030952,15.76799965
9/22/25 7:40:00.000,0,9.173550606,100.1401978,2.657225945,0.054945055,0.065652736,0,1.82E+07,0.998868883,0.042674277,16.46095848,15.76799965
9/22/25 7:50:00.000,0,9.160181046,100.0560532,2.654684924,0.054945055,0.065614857,0,1.82E+07,0.998864651,0.042649659,16.48625374,15.78600025
9/22/25 8:00:00.000,0,9.159521103,100.1069489,2.655702867,0.054945055,0.065580569,0,1.82E+07,0.998860836,0.042627369,16.50917435,15.76799965
9/22/25 8:10:00.000,0,9.168190956,100.2394867,2.659160035,0.054945055,0.065553874,0,1.82E+07,0.998857856,0.042610016,16.52703667,15.78600025
9/22/25 8:20:00.000,0,9.160889626,100.2063141,2.658358369,0.054945055,0.065516606,0,1.82E+07,0.998853564,0.042585794,16.55200005,15.77700043
9/22/25 8:30:00.000,0,9.146025658,100.0916824,2.655088561,0.054945055,0.065486908,0,1.82E+07,0.998850286,0.042566491,16.57191086,15.75899982
9/22/25 8:40:00.000,0,9.148321152,100.1587143,2.656863026,0.054945055,0.065455519,0,1.82E+07,0.998846769,0.042546089,16.59297562,15.78600025
9/22/25 8:50:00.000,0,9.131923676,100.0244904,2.653202859,0.054945055,0.065424435,0,1.82E+07,0.998843133,0.04252588,16.61385536,15.75899982
9/22/25 9:00:00.000,0,9.143546104,100.1677551,2.656901383,0.054945055,0.065415218,0,1.82E+07,0.99884212,0.042519892,16.62005424,15.76799965
9/22/25 9:10:00.000,0,9.132810593,100.0783157,2.654330267,0.054945055,0.065399744,0,1.82E+07,0.998840332,0.042509833,16.63046074,15.76799965
9/22/25 9:20:00.000,0,9.133487701,100.1045227,2.654892349,0.054945055,0.065389492,0,1.82E+07,0.9988392,0.042503169,16.6373539,15.75899982
9/22/25 9:30:00.000,0,9.148418427,100.2579956,2.658963823,0.054945055,0.065396965,0,1.82E+07,0.998840034,0.042508025,16.63232803,15.75
9/22/25 9:40:00.000,0,9.133552551,100.1009445,2.654676368,0.054945055,0.065395981,0,1.82E+07,0.998839855,0.042507389,16.63298798,15.77700043
9/22/25 9:50:00.000,0,9.137329102,100.114975,2.655177077,0.054945055,0.065412924,0,1.82E+07,0.998841822,0.042518401,16.62159538,15.75899982
9/22/25 10:00:00.000,0,9.147959709,100.1895828,2.65744045,0.054945055,0.065436326,0,1.82E+07,0.998844504,0.042533611,16.60586739,15.78600025
9/22/25 10:10:00.000,0,9.149476051,100.1742477,2.657438385,0.054945055,0.065448925,0,1.82E+07,0.998845935,0.0425418,16.59740639,15.75899982
9/22/25 10:20:00.000,0,9.138674736,100.0419922,2.65392132,0.054945055,0.06545949,0,1.82E+07,0.998847187,0.042548669,16.59030914,15.75899982
9/22/25 10:30:00.000,0,9.139958382,100.0657578,2.654518218,0.054945055,0.065453239,0,1.82E+07,0.998846412,0.042544605,16.59450531,15.74100018
9/22/25 10:40:00.000,0,9.142727852,100.0834961,2.655221041,0.054945055,0.065456092,0,1.82E+07,0.998846769,0.04254646,16.59259224,15.75899982
9/22/25 10:50:00.000,0,9.144446373,100.0951233,2.656062245,0.054945055,0.065446362,0,1.82E+07,0.998845637,0.042540134,16.59912682,15.78600025
9/22/25 11:00:00.000,0,9.143409729,100.0854492,2.656172005,0.054945055,0.065434791,0,1.82E+07,0.998844326,0.042532614,16.60689735,15.76799965
9/22/25 11:10:00.000,0,9.139123917,100.0523376,2.655447939,0.054945055,0.065420166,0,1.82E+07,0.998842657,0.042523108,16.61672401,15.76799965
9/22/25 11:20:00.000,0,9.145328522,100.1402664,2.657804844,0.054945055,0.065404311,0,1.82E+07,0.998840749,0.042512802,16.62738991,15.76799965
9/22/25 11:30:00.000,0,9.12376976,99.92567444,2.652082828,0.054945055,0.065389015,0,1.82E+07,0.99883914,0.042502859,16.63767242,15.76799965
9/22/25 11:40:00.000,0,9.13969326,100.0966721,2.657240402,0.054945055,0.065374039,0,1.82E+07,0.998837352,0.042493124,16.64775276,15.75
9/22/25 11:50:00.000,0,9.134274483,100.0598831,2.656190004,0.054945055,0.065359093,0,1.82E+07,0.998835623,0.042483411,16.65781784,15.78600025
9/22/25 12:00:00.000,0,9.128953934,100.0211868,2.655416073,0.054945055,0.065337367,0,1.82E+07,0.998833179,0.042469288,16.67244911,15.76799965
9/22/25 12:10:00.000,0,9.135170937,100.1075668,2.65788687,0.054945055,0.065318704,0,1.82E+07,0.998830974,0.042457159,16.68502998,15.75899982
9/22/25 12:20:00.000,0,9.130724907,100.0756912,2.65738793,0.054945055,0.065296203,0,1.82E+07,0.998828471,0.042442531,16.70020485,15.76799965
9/22/25 12:30:00.000,0,9.133800507,100.1514359,2.659138791,0.054945055,0.065272026,0,1.82E+07,0.998825669,0.042426815,16.71652603,15.75899982
9/22/25 12:40:00.000,0,9.127528191,100.1258087,2.658186646,0.054945055,0.065247342,0,1.82E+07,0.998822749,0.042410775,16.73319626,15.76799965
9/22/25 12:50:00.000,0,9.118116379,100.0676041,2.656508074,0.054945055,0.065217406,0,1.82E+07,0.998819351,0.042391312,16.75343895,15.75
9/22/25 13:00:00.000,0,9.111682892,100.0500031,2.655866328,0.054945055,0.065182589,0,1.82E+07,0.998815298,0.042368683,16.77700043,15.75899982
9/22/25 13:10:00.000,0,9.09581852,99.9280014,2.652774733,0.054945055,0.065139286,0,1.82E+07,0.998810351,0.042340536,16.80633736,15.76799965
9/22/25 13:20:00.000,0,9.092686653,99.94597626,2.653037333,0.054945055,0.065106198,0,1.82E+07,0.998806477,0.042319029,16.82878113,15.75899982
9/22/25 13:30:00.000,0,9.090394974,100.032135,2.655114231,0.054945055,0.065028898,0,1.82E+07,0.998797417,0.042268784,16.88129997,15.75899982
9/22/25 13:40:00.000,0,9.073339462,100.0037308,2.654046719,0.054945055,0.064918786,0,1.82E+07,0.998784423,0.042197211,16.95633507,15.75899982
9/22/25 13:50:00.000,0,9.070425987,100.0825958,2.656283242,0.054945055,0.064832099,0,1.82E+07,0.998774171,0.042140866,17.01558685,15.75899982
9/22/25 14:00:00.000,0,9.063552856,100.0976105,2.656650291,0.054945055,0.064765342,0,1.82E+07,0.998766243,0.042097472,17.06132317,15.74100018
9/22/25 14:10:00.000,0,9.044161797,99.97356415,2.653213481,0.054945055,0.064702436,0,1.82E+07,0.998758674,0.042056585,17.10450745,15.75
9/22/25 14:20:00.000,0,9.037852287,100.0664291,2.654853401,0.054945055,0.064604878,0,1.82E+07,0.998746872,0.041993171,17.17164612,15.74100018
9/22/25 14:30:00.000,0,9.018957138,99.98890686,2.652456073,0.054945055,0.064516462,0,1.82E+07,0.998736203,0.041935698,17.23266792,15.78600025
9/22/25 14:40:00.000,0,8.99092865,99.86705017,2.648807709,0.054945055,0.064388067,0,1.82E+07,0.998720407,0.041852247,17.32157898,15.76799965
9/22/25 14:50:00.000,0,8.953796387,99.84034729,2.64715097,0.054945055,0.064128995,0,1.82E+07,0.998688281,0.041683848,17.50207329,15.78600025
9/22/25 15:00:00.000,0,8.940441132,99.93360901,2.649113976,0.054945055,0.063964888,0,1.82E+07,0.998667479,0.041577176,17.61715889,15.76799965
9/22/25 15:10:00.000,0,8.901770592,99.86885834,2.646733171,0.054945055,0.063713133,0,1.82E+07,0.998635292,0.041413536,17.79486656,15.76799965
9/22/25 15:20:00.000,0,8.889582634,99.96201324,2.648866425,0.054945055,0.063554384,0,1.82E+07,0.998614609,0.041310348,17.90764809,15.79500008
9/22/25 15:30:00.000,0,8.872457504,99.87006378,2.646217709,0.054945055,0.06348668,0,1.82E+07,0.998605728,0.041266343,17.95591736,15.76799965
9/22/25 15:40:00.000,0,8.864042282,99.88622284,2.646553482,0.054945055,0.06340833,0,1.82E+07,0.998595357,0.041215415,18.01190376,15.76799965
9/22/25 15:50:00.000,0,8.862159729,99.93506622,2.647782095,0.054945055,0.063359194,0,1.82E+07,0.99858886,0.041183477,18.04709053,15.77700043
9/22/25 16:00:00.000,0,8.859681129,99.94632721,2.647655221,0.054945055,0.063342266,0,1.82E+07,0.998586595,0.041172472,18.05922127,15.78600025
9/22/25 16:10:00.000,0,8.854093552,99.99376678,2.648375452,0.054945055,0.063276812,0,1.82E+07,0.998577893,0.04112993,18.10619926,15.79500008
9/22/25 16:20:00.000,0,8.840454102,99.92594147,2.646057199,0.054945055,0.063228324,0,1.82E+07,0.998571336,0.04109841,18.14106369,15.77700043
9/22/25 16:30:00.000,0,8.826334,99.86283875,2.644160875,0.054945055,0.063164465,0,1.82E+07,0.998562813,0.041056905,18.18706512,15.77700043
9/22/25 16:40:00.000,0,8.81568718,99.82529449,2.642929903,0.054945055,0.063110784,0,1.82E+07,0.998555541,0.041022009,18.22580147,15.75899982
9/22/25 16:50:00.000,0,8.80764389,99.85572052,2.643066513,0.054945055,0.063041046,0,1.82E+07,0.998546124,0.04097668,18.27622032,15.78600025
9/22/25 17:00:00.000,0,8.79432869,99.80190277,2.640945948,0.054945055,0.062989727,0,1.82E+07,0.99853915,0.040943323,18.31340408,15.79500008
9/22/25 17:10:00.000,0,8.771740913,99.83209991,2.640843268,0.054945055,0.062806986,0,1.82E+07,0.998514056,0.040824543,18.44627762,15.78600025
9/22/25 17:20:00.000,0,8.760956764,99.82107544,2.63992594,0.054945055,0.062743299,0,1.82E+07,0.998505235,0.040783143,18.49276924,15.76799965
9/22/25 17:30:00.000,0,8.729154587,99.66358948,2.634938022,0.054945055,0.06261792,0,1.82E+07,0.998487592,0.040701649,18.58457375,15.77700043
9/22/25 17:40:00.000,0,8.730895996,99.84501648,2.6389198,0.054945055,0.062523782,0,1.82E+07,0.998474419,0.040640462,18.65373993,15.79500008
9/22/25 17:50:00.000,0,8.706203461,99.72855377,2.634836523,0.054945055,0.062431805,0,1.82E+07,0.998461366,0.040580675,18.72152901,15.77700043
9/22/25 18:00:00.000,0,8.702195168,99.74594879,2.634896124,0.054945055,0.062397316,0,1.82E+07,0.998456478,0.040558254,18.74699593,15.78600025
9/22/25 18:10:00.000,0,8.690110207,99.66907501,2.632224984,0.054945055,0.062370412,0,1.82E+07,0.998452663,0.040540766,18.76688194,15.77700043
9/22/25 18:20:00.000,0,8.689513206,99.76023102,2.634090917,0.054945055,0.062314935,0,1.82E+07,0.998444736,0.040504707,18.80794334,15.78600025
9/22/25 18:30:00.000,0,8.686574936,99.85261536,2.635778341,0.054945055,0.062244926,0,1.82E+07,0.998434544,0.040459203,18.85986519,15.76799965
9/22/25 18:40:00.000,0,8.658299446,99.61554718,2.628754243,0.054945055,0.062202662,0,1.82E+07,0.998428583,0.040431732,18.89126778,15.78600025
9/22/25 18:50:00.000,0,8.656826019,99.71567535,2.630763868,0.054945055,0.062136032,0,1.82E+07,0.998418808,0.040388422,18.94086075,15.77700043
9/22/25 19:00:00.000,0,8.65258503,99.70600891,2.630414522,0.054945055,0.062110525,0,1.82E+07,0.998415232,0.04037184,18.95987511,15.76799965
9/22/25 19:10:00.000,0,8.643352509,99.64709473,2.628769881,0.054945055,0.062079173,0,1.82E+07,0.998410642,0.040351464,18.98326302,15.78600025
9/22/25 19:20:00.000,0,8.640924454,99.7702713,2.631270774,0.054945055,0.061991423,0,1.82E+07,0.998397827,0.040294424,19.04885674,15.77700043
9/22/25 19:30:00.000,0,8.628191948,99.65881348,2.628178589,0.054945055,0.061970241,0,1.82E+07,0.998394668,0.040280658,19.06472015,15.77700043
9/22/25 19:40:00.000,0,8.622991562,99.67703247,2.627887369,0.054945055,0.06193525,0,1.82E+07,0.998389542,0.040257913,19.0909462,15.77700043
9/22/25 19:50:00.000,0,8.612566948,99.60441589,2.625754116,0.054945055,0.061907016,0,1.82E+07,0.998385251,0.04023956,19.1121273,15.79500008
9/22/25 20:00:00.000,0,8.602763176,99.66012573,2.626770583,0.054945055,0.061798833,0,1.82E+07,0.998369336,0.040169241,19.19347572,15.76799965
9/22/25 20:10:00.000,0,8.614022255,99.76199341,2.629331962,0.054945055,0.061822422,0,1.82E+07,0.998372793,0.040184575,19.17571068,15.79500008
9/22/25 20:20:00.000,0,8.588125229,99.61483765,2.625000249,0.054945055,0.061725911,0,1.82E+07,0.998358369,0.040121846,19.24846649,15.79500008
9/22/25 20:30:00.000,0,8.568424225,99.48264313,2.621282841,0.054945055,0.061663672,0,1.82E+07,0.998348951,0.040081388,19.29550362,15.78600025
9/22/25 20:40:00.000,0,8.582275391,99.69437408,2.626716883,0.054945055,0.06163146,0,1.82E+07,0.998344123,0.040060448,19.31989098,15.78600025
9/22/25 20:50:00.000,7.005937576,8.585712433,99.83195496,2.630981029,0.054945055,0.061545186,0,1.82E+07,0.99833113,0.040004372,19.38532066,15.75899982
9/22/25 21:00:00.000,0.978337765,8.59693718,99.88384247,2.631612743,0.054945055,0.061620586,0,1.82E+07,0.998342574,0.040053379,19.328125,15.79500008
9/22/25 21:10:00.000,0,8.614611626,99.75400543,2.628478366,0.054945055,0.061850302,0,1.82E+07,0.998376966,0.040202696,19.15473938,15.78600025
9/22/25 21:20:00.000,0,8.638462067,99.792099,2.629563286,0.054945055,0.062017299,0,1.82E+07,0.998401523,0.040311246,19.02949524,15.76799965
9/22/25 21:30:00.000,0,8.66890049,99.84361267,2.631238318,0.054945055,0.06222257,0,1.82E+07,0.998431444,0.040444669,18.87647057,15.78600025
9/22/25 21:40:00.000,1.687006354,8.69739151,99.87429047,2.632751659,0.054945055,0.06241601,0,1.82E+07,0.998459101,0.040570405,18.73318481,15.77700043
9/22/25 21:50:00.000,6.694936752,8.702180862,99.67998505,2.627741612,0.054945055,0.06259203,0,1.82E+07,0.998484075,0.040684819,18.60357475,15.76799965
9/22/25 22:00:00.000,102.6303024,5.070827007,57.77323914,1.523563254,0.273555428,0.313421011,0,3655566.25,0.998534024,0.20372367,18.34057426,15.77700043
9/22/25 22:10:00.000,1.34473002,2.872457504,32.62740326,0.860646849,53.8599968,61.91861343,0.028286653,18566.65625,0.998584867,40.24709761,18.1859417,15.76799965
9/22/25 22:20:00.000,0.818153858,1.791277766,20.2812748,0.535104921,54.48513412,62.85229111,0.028739139,18353.63086,0.998614192,40.8539921,18.03014946,15.75899982
9/22/25 22:30:00.000,0.309220314,1.734126329,19.60009384,0.517223582,54.03302383,62.44249344,0.028539125,18507.20117,0.998629034,40.58762267,17.94892883,15.77700043
9/22/25 22:40:00.000,0.850274742,1.72401917,19.4461174,0.513288681,53.40190506,61.83987808,0.028245255,18725.92383,0.998645842,40.19591957,17.85608673,15.75899982
9/22/25 22:50:00.000,0.429525614,1.604223371,18.06442451,0.47688979,53.4331665,61.98519135,0.028315062,18714.96875,0.998660386,40.29037803,17.7765007,15.75899982
9/22/25 23:00:00.000,0,1.558473229,17.53282356,0.462956187,53.5809021,62.20797729,0.028422976,18663.36719,0.9986673,40.43518752,17.73920441,15.76799965
9/22/25 23:10:00.000,0,1.569214582,17.63142776,0.465580561,52.99875641,61.61800766,0.028135512,18868.36719,0.998678505,40.05170614,17.67633247,15.76799965
9/22/25 23:20:00.000,0,1.626647472,18.25327682,0.482086239,53.31829071,62.0684166,0.028353818,18755.28906,0.998689115,40.34447297,17.61908531,15.76799965
9/22/25 23:30:00.000,0,1.610489249,18.05372429,0.476857666,53.22201157,62.02181625,0.028330633,18789.21875,0.998697519,40.31417891,17.57160187,15.77700043
9/22/25 23:40:00.000,0,1.646086097,18.42955971,0.486892955,52.96421432,61.7949028,0.028219735,18880.67188,0.998707235,40.16668722,17.51815796,15.77700043
9/22/25 23:50:00.000,0,1.714035511,19.16774178,0.506542231,53.60700607,62.60865402,0.028614715,18654.27734,0.998715639,40.69562629,17.4724369,15.75899982
9/23/25 0:00:00.000,0,1.47471869,16.48438454,0.435667364,53.27006149,62.23975754,0.028435219,18772.26953,0.998718679,40.45584425,17.45470047,15.75899982
9/23/25 0:10:00.000,0,1.401455641,15.65252018,0.413742397,53.33177948,62.36063004,0.028493538,18750.54688,0.998725057,40.53441063,17.41966057,15.77700043
9/23/25 0:20:00.000,0,1.185992718,13.23533535,0.349897565,53.93309021,63.11250305,0.028858511,18541.49219,0.998731434,41.02312773,17.38506699,15.77700043
9/23/25 0:30:00.000,0,1.01227951,11.2892828,0.298482198,54.07213211,63.31548691,0.02895679,18493.81445,0.99873662,41.15506634,17.35660553,15.75899982
9/23/25 0:40:00.000,0,1.026920795,11.44769478,0.302653198,53.76700974,62.99313736,0.028799847,18598.76563,0.998740792,40.94554111,17.33180809,15.76799965
9/23/25 0:50:00.000,0,1.048769712,11.68593884,0.308930916,54.10042191,63.42194748,0.029007874,18484.14453,0.998745739,41.22426733,17.30490303,15.75899982
9/23/25 1:00:00.000,0,1.125629663,12.54021645,0.331528905,53.71498871,62.97918701,0.028792642,18616.77734,0.998746812,40.93647376,17.29846191,15.75899982
9/23/25 1:10:00.000,0,1.138750553,12.68292809,0.335276667,53.90874863,63.2315712,0.028915051,18549.86523,0.998749971,41.10052437,17.28066254,15.75
9/23/25 1:20:00.000,0,1.100774884,12.25335693,0.323920191,53.89457321,63.2544136,0.02892579,18554.74414,0.998754919,41.11536965,17.25280952,15.76799965
9/23/25 1:30:00.000,0,1.085138321,12.07397079,0.31919207,53.81150055,63.18562317,0.028892104,18583.38867,0.998758554,41.07065499,17.23254204,15.78600025
9/23/25 1:40:00.000,0,1.121508598,12.4717989,0.329757722,53.78484726,63.18357086,0.028890839,18592.59766,0.998762131,41.06932133,17.21190453,15.76799965
9/23/25 1:50:00.000,0,1.108869433,12.32292271,0.325832853,53.71367645,63.14622879,0.02887227,18617.23242,0.998767972,41.04505107,17.17924881,15.76799965
9/23/25 2:00:00.000,0,1.075294495,11.94394875,0.315796826,53.68885422,63.15627289,0.028876781,18625.83984,0.9987728,41.05157778,17.15158844,15.76799965
9/23/25 2:10:00.000,0,0.995118737,11.04658413,0.292111538,53.83416367,63.36162186,0.028976224,18575.56445,0.998777092,41.1850512,17.1274147,15.76799965
9/23/25 2:20:00.000,0,0.954261005,10.58359432,0.279908621,53.883358,63.47414398,0.029030379,18558.60547,0.998783827,41.25819728,17.08913231,15.78600025
9/23/25 2:30:00.000,0,1.033984542,11.46129513,0.303127482,53.46976471,63.02635574,0.028812442,18702.1582,0.998788536,40.96712917,17.06133461,15.76799965
9/23/25 2:40:00.000,0,1.2849828,14.23190498,0.37650942,53.0497818,62.56977844,0.028590221,18850.21875,0.998793066,40.67035392,17.03402519,15.75
9/23/25 2:50:00.000,0,1.780465841,19.71742058,0.521622753,53.00112915,62.52156067,0.028566699,18867.52344,0.998794138,40.63901305,17.02751923,15.75899982
9/23/25 3:00:00.000,0,1.735708833,19.223423,0.508544812,53.15649796,62.69996643,0.028653441,18812.375,0.998793662,40.75498134,17.03096771,15.74100018
9/23/25 3:10:00.000,0,1.845708609,20.44742203,0.540864335,53.23703384,62.78283691,0.028693816,18783.91602,0.998792171,40.80884531,17.03953934,15.78600025
9/23/25 3:20:00.000,0,1.76275754,19.52970886,0.516609128,53.27225494,62.81718063,0.028710574,18771.49805,0.998791397,40.83116725,17.04462433,15.76799965
9/23/25 3:30:00.000,0,1.70536828,18.89869881,0.499920848,53.32378387,62.85900879,0.028731083,18753.35742,0.998789072,40.85835442,17.05799484,15.77700043
9/23/25 3:40:00.000,0,1.705685973,18.90513802,0.500064577,53.13919067,62.6341629,0.028621906,18818.50195,0.998787999,40.71220756,17.06313133,15.75899982
9/23/25 3:50:00.000,0,1.797463298,19.92664528,0.527081211,53.04671097,62.51015091,0.028561791,18851.31055,0.998786032,40.631596,17.07379913,15.75
9/23/25 4:00:00.000,0,1.860292554,20.62190437,0.545452637,53.0649147,62.53836441,0.028575437,18844.84375,0.998786986,40.64993933,17.06899452,15.76799965
9/23/25 4:10:00.000,0,1.649894476,18.28893661,0.48372649,53.05942154,62.53720856,0.028574817,18846.79492,0.998787642,40.64918682,17.06521606,15.75899982
9/23/25 4:20:00.000,0,1.749290705,19.39235306,0.512916137,52.97221756,62.42770004,0.028521676,18877.82031,0.998786747,40.57800397,17.07000542,15.75899982
9/23/25 4:30:00.000,0.740036666,1.779682994,19.72678947,0.521716876,53.02009964,62.49946213,0.028556397,18860.77148,0.998788714,40.62465206,17.05910492,15.75
9/23/25 4:40:00.000,0,1.999094605,22.15686798,0.586009565,52.99453735,62.47276306,0.028543392,18869.86914,0.998789132,40.60729966,17.05666351,15.77700043
9/23/25 4:50:00.000,0,2.143432856,23.76036453,0.628340516,53.0667572,62.55558014,0.028583651,18844.18945,0.998788834,40.66112638,17.05831146,15.76799965
9/23/25 5:00:00.000,0,1.913895965,21.21365738,0.560978287,53.155056,62.66935349,0.028638834,18812.88672,0.998790026,40.73507711,17.05144501,15.76799965
9/23/25 5:10:00.000,0,1.695742607,18.79501343,0.497037784,53.18636703,62.70586014,0.028656578,18801.81055,0.998790026,40.75881094,17.05173683,15.75
9/23/25 5:20:00.000,0,1.921630621,21.29422569,0.563209831,53.22187042,62.75257874,0.028679231,18789.26758,0.998790622,40.78917578,17.04829407,15.75
9/23/25 5:30:00.000,0,2.072727919,22.96471977,0.607401993,53.27225494,62.82298279,0.028713342,18771.49805,0.998792052,40.83494097,17.04052353,15.75899982
9/23/25 5:40:00.000,0,2.09640789,23.23088455,0.614388066,53.00358963,62.50064087,0.028556772,18866.64648,0.998791277,40.62541947,17.04443741,15.75899982
9/23/25 5:50:00.000,0,2.068709135,22.92496681,0.606251276,53.2660675,62.8125267,0.028708285,18773.67773,0.998791695,40.82814232,17.04275322,15.77700043
9/23/25 6:00:00.000,0,2.058877945,22.81305122,0.60333985,53.29269028,62.84752655,0.028725246,18764.29883,0.998792112,40.85089266,17.04020882,15.77700043
9/23/25 6:10:00.000,16.98161125,2.014134169,22.31902122,0.590234026,53.1425972,62.66976547,0.028638892,18817.29688,0.998791933,40.73534906,17.04074669,15.74100018
9/23/25 6:20:00.000,0,2.014932394,22.32466125,0.590388156,53.50440979,63.10627365,0.028850881,18690.04883,0.998793364,41.01907834,17.03383064,15.74100018
9/23/25 6:30:00.000,0.225101948,1.900002003,21.04776573,0.556633222,53.38523102,62.9761467,0.028787557,18731.77148,0.998794615,40.93449563,17.02647018,15.76799965
9/23/25 6:40:00.000,0.429101914,1.876267195,20.78743744,0.549700481,53.65039063,63.2861557,0.028938212,18639.19336,0.998794377,41.13600403,17.02842331,15.75
9/23/25 6:50:00.000,0.712992251,2.15389061,23.86042023,0.63094903,53.54661942,63.17387009,0.028883558,18675.31445,0.998795509,41.06301814,17.02131271,15.75899982
9/23/25 7:00:00.000,0.359696865,2.182459831,24.18009186,0.639352882,53.71475983,63.36831665,0.028978065,18616.85742,0.998795092,41.18940607,17.02406311,15.77700043
9/23/25 7:10:00.000,0.688496351,2.193087339,24.29376793,0.642247895,53.81459045,63.51099777,0.029047137,18582.32031,0.998798072,41.28214717,17.00665665,15.77700043
9/23/25 7:20:00.000,0.523537457,2.010514975,22.26847839,0.588687344,53.81892014,63.52766418,0.029055122,18580.82617,0.998799562,41.29298031,16.99858475,15.75899982
9/23/25 7:30:00.000,0.116270818,2.121327639,23.49760818,0.621138573,53.53858185,63.19605255,0.028894017,18678.11914,0.998799443,41.07743502,16.99907684,15.78600025
9/23/25 7:40:00.000,0.164236113,2.245921373,24.8740139,0.657579731,53.9874115,63.73057175,0.029153664,18522.83594,0.998800099,41.42487049,16.99578667,15.74100018
9/23/25 7:50:00.000,0.210963324,2.371580124,26.26579666,0.69426549,53.9113121,63.65175629,0.029115265,18548.98242,0.998801529,41.37364402,16.98810959,15.75899982
9/23/25 8:00:00.000,0,2.640180111,29.23900223,0.772819294,53.97237015,63.73128891,0.029153833,18527.99805,0.998802304,41.42533615,16.98293304,15.75899982
9/23/25 8:10:00.000,0,2.999114752,33.21069336,0.877816071,53.91175079,63.66546249,0.029121796,18548.83203,0.998803079,41.38255119,16.9789257,15.73200035
9/23/25 8:20:00.000,0,3.274324417,36.25040817,0.958200475,53.68128586,63.40591431,0.028995568,18628.4668,0.99880451,41.2138477,16.97010422,15.75
9/23/25 8:30:00.000,0,3.538909197,39.18367004,1.035540862,53.92218018,63.69668961,0.029136779,18545.24414,0.998805344,41.4028503,16.96576118,15.75899982
9/23/25 8:40:00.000,0,3.702876806,40.99468613,1.083389835,53.25963974,62.92250061,0.028760567,18775.94336,0.998806119,40.89962691,16.95980644,15.75
9/23/25 8:50:00.000,0,3.779172182,41.83354568,1.105634089,53.67012024,63.41277313,0.028998708,18632.3418,0.998806953,41.21830314,16.95609093,15.75
9/23/25 9:00:00.000,0,3.8536129,42.64874649,1.127273332,53.82366562,63.60330582,0.029091178,18579.1875,0.998808086,41.34215042,16.94974136,15.75
9/23/25 9:10:00.000,0,3.924325228,43.41399384,1.147814672,53.44531631,63.1651535,0.028878225,18710.71289,0.998809099,41.05735198,16.94346619,15.77700043
9/23/25 9:20:00.000,0,4.12431097,45.61783981,1.206036405,53.71883774,63.50497437,0.029043149,18615.44336,0.998811185,41.27823561,16.93192101,15.77700043
9/23/25 9:30:00.000,0,4.402834892,48.68520737,1.287157932,53.85382843,63.68304825,0.029129468,18568.78125,0.998813331,41.39398038,16.91906166,15.75899982
9/23/25 9:40:00.000,0,4.507451057,49.83196259,1.317428588,53.91327667,63.77088165,0.029171964,18548.30664,0.998815536,41.45107418,16.90688896,15.76799965
9/23/25 9:50:00.000,0,4.515013218,49.90818024,1.319411953,53.74530411,63.58462906,0.029081367,18606.27734,0.998817086,41.33000597,16.8982296,15.75
9/23/25 10:00:00.000,0,4.494763851,49.66386795,1.313227437,53.81009674,63.67621613,0.029125705,18583.87305,0.998818815,41.38953984,16.88785362,15.75899982
9/23/25 10:10:00.000,0,4.631607533,51.14863205,1.35276314,53.87244797,63.77408218,0.029173004,18562.36328,0.998821735,41.45315289,16.87114525,15.75
9/23/25 10:20:00.000,1.277467847,4.688835621,51.7669487,1.369161307,53.79848099,63.70343781,0.029138513,18587.88477,0.998823702,41.40723497,16.8593998,15.75
9/23/25 10:30:00.000,0,4.812732697,53.11326981,1.405029614,53.84994507,63.78059006,0.02917582,18570.12109,0.998825669,41.45738482,16.8481617,15.74100018
9/23/25 10:40:00.000,0,4.737633705,52.27741241,1.3828665,53.80371475,63.7383461,0.029155171,18586.07813,0.998827159,41.42992571,16.83948326,15.73200035
9/23/25 10:50:00.000,0,4.756398678,52.47362518,1.388113476,53.79803848,63.74382401,0.029157709,18588.03906,0.99882865,41.43348336,16.83102417,15.72299957
9/23/25 11:00:00.000,3.453453779,4.809621811,53.05669403,1.403533681,53.7286377,63.66733551,0.029120488,18612.04883,0.998829305,41.38376936,16.82703781,15.74100018
9/23/25 11:10:00.000,0.239726946,4.732904434,52.20357895,1.381016205,53.71825027,63.66209412,0.029117873,18615.64648,0.99883008,41.38036072,16.82213211,15.74100018
9/23/25 11:20:00.000,0.442446679,4.591387272,50.63450241,1.339540363,53.5725441,63.49933243,0.029038703,18666.27734,0.998831213,41.2745662,16.81523323,15.73200035
9/23/25 11:30:00.000,0,4.481027126,49.40168762,1.30718853,53.63093185,63.57701492,0.029076353,18645.95703,0.998832405,41.32505879,16.80934525,15.75899982
9/23/25 11:40:00.000,0,4.421712399,48.73556137,1.289796025,53.57436752,63.51511383,0.029046223,18665.64258,0.998832941,41.28482565,16.80576324,15.75899982
9/23/25 11:50:00.000,0,4.35264349,47.96550751,1.269462404,53.64611816,63.61078644,0.029092593,18640.67773,0.998834252,41.34701192,16.79839706,15.75
9/23/25 12:00:00.000,0,4.241792202,46.73513031,1.237016818,53.57919312,63.53824234,0.029057279,18663.96094,0.998834908,41.2998572,16.79366493,15.75899982
9/23/25 12:10:00.000,0,4.139615059,45.60126495,1.207083262,53.5637207,63.5282135,0.029052321,18669.35352,0.998835921,41.29334167,16.78787994,15.78600025
9/23/25 12:20:00.000,0,4.030356884,44.38766861,1.17523686,53.56166077,63.52500916,0.029050773,18670.07031,0.998835862,41.29125923,16.78841019,15.75899982
9/23/25 12:30:00.000,0,4.025670528,44.33155823,1.173810413,53.53593826,63.4981842,0.029037703,18679.04102,0.998836279,41.27382115,16.78584862,15.74100018
9/23/25 12:40:00.000,0,3.991541386,43.94704819,1.163768338,53.49705887,63.45768356,0.029017968,18692.61719,0.998836994,41.24749452,16.78194427,15.73200035
9/23/25 12:50:00.000,0,3.868538618,42.58704376,1.127916701,53.50039673,63.4609375,0.029019561,18691.44922,0.998836875,41.24961048,16.78243446,15.73200035
9/23/25 13:00:00.000,0,3.81039381,41.94356918,1.110926505,53.51656342,63.48260498,0.02903006,18685.80469,0.998837173,41.26369208,16.78070259,15.70499992
9/23/25 13:10:00.000,0,3.762470722,41.4141922,1.096947057,53.50894928,63.47406769,0.029025912,18688.46289,0.998837292,41.25814512,16.78035927,15.73200035
9/23/25 13:20:00.000,0,3.805504799,41.88979721,1.109509794,53.5020256,63.46479416,0.02902141,18690.88086,0.998837173,41.25211388,16.7810955,15.75
9/23/25 13:30:00.000,0,3.951775312,43.50260544,1.152221625,53.45057297,63.39955139,0.028989764,18708.87305,0.998836696,41.2097089,16.7840271,15.75899982
9/23/25 13:40:00.000,0,4.027541637,44.34309387,1.174350144,53.43859482,63.38314438,0.028981816,18713.06641,0.998836279,41.19904339,16.7855587,15.75
9/23/25 13:50:00.000,0,3.984363556,43.85939026,1.1617565,53.41211319,63.35189056,0.028966641,18722.3457,0.998836279,41.17872939,16.78544807,15.75899982
9/23/25 14:00:00.000,0,3.912294149,43.06850433,1.140759077,53.41241074,63.35128403,0.028966343,18722.24023,0.998836219,41.1783345,16.78612137,15.75
9/23/25 14:10:00.000,3.241213799,3.86893487,42.59627151,1.1281346,53.35172653,63.27804947,0.028930791,18743.53516,0.99883604,41.13073274,16.78699684,15.73200035
9/23/25 14:20:00.000,3.262072802,3.778532505,41.60451508,1.101817395,53.30948639,63.22505188,0.028905058,18758.38672,0.998835683,41.09628499,16.78902054,15.76799965
9/23/25 14:30:00.000,5.948547363,3.670790434,40.41669846,1.070392849,53.264534,63.17218781,0.028879385,18774.21875,0.998835683,41.06192291,16.78870964,15.74100018
9/23/25 14:40:00.000,0,3.533895969,38.91397476,1.030519086,53.24796677,63.14949036,0.028868396,18780.06055,0.998835266,41.04717076,16.79083824,15.73200035
9/23/25 14:50:00.000,0,3.474931002,38.26234055,1.013324269,53.23620987,63.13547134,0.02886158,18784.20703,0.998835266,41.0380587,16.79089165,15.73200035
9/23/25 15:00:00.000,0,3.480517864,38.31930923,1.015005128,53.25249863,63.15111923,0.02886923,18778.46094,0.998834848,41.04822874,16.79345703,15.74100018
9/23/25 15:10:00.000,0,3.648408175,40.17506409,1.064029603,53.27209091,63.17012787,0.028878501,18771.55469,0.998834312,41.0605818,16.79640961,15.73200035
9/23/25 15:20:00.000,0,3.700476885,40.75398254,1.079348087,53.30976868,63.20574188,0.02889589,18758.28906,0.998833239,41.08373448,16.802742,15.74100018
9/23/25 15:30:00.000,0,3.77893734,41.61735916,1.102250095,53.31415558,63.20988846,0.028897924,18756.74414,0.99883312,41.08642787,16.80347824,15.72299957
9/23/25 15:40:00.000,0,3.933080912,43.31450272,1.14730098,53.33036041,63.22344208,0.028904559,18751.04492,0.998832524,41.09523818,16.80743027,15.74100018
9/23/25 15:50:00.000,0,3.913351774,43.11222458,1.14164749,53.32226181,63.2073555,0.028896816,18753.89258,0.998831689,41.08478129,16.81196213,15.74100018
9/23/25 16:00:00.000,0,3.658249378,40.30555344,1.067385272,53.36447144,63.24647141,0.028915923,18739.05859,0.998830378,41.11021012,16.8195858,15.78600025
9/23/25 16:10:00.000,0,3.221917391,35.49763107,0.940116654,53.46036148,63.3569603,0.028969631,18705.44727,0.99883008,41.18202254,16.82178879,15.74100018
9/23/25 16:20:00.000,0,2.883393526,31.77233505,0.841258882,53.5894928,63.51699829,0.029047307,18660.375,0.998830914,41.28605127,16.81691742,15.73200035
9/23/25 16:30:00.000,3.728095293,2.804699183,30.90955734,0.818359677,53.65681458,63.59136581,0.029083492,18636.96094,0.998830378,41.33438691,16.82069016,15.74100018
9/23/25 16:40:00.000,0,3.011864662,33.20085144,0.878860199,53.70490646,63.64392853,0.029109076,18620.27344,0.998829842,41.36855528,16.8237648,15.72299957
9/23/25 16:50:00.000,0,3.122394562,34.42918015,0.911205614,53.71589279,63.64961243,0.029111909,18616.46484,0.998829067,41.37224704,16.82885933,15.73200035
9/23/25 17:00:00.000,0,3.164762497,34.89316559,0.923615217,53.72225952,63.6534729,0.029113824,18614.25781,0.99882853,41.37475789,16.83141327,15.75
9/23/25 17:10:00.000,0,3.087577105,34.04788208,0.901169661,53.71840286,63.64241409,0.029108513,18615.59375,0.998827755,41.3675718,16.83592033,15.68700027
9/23/25 17:20:00.000,0,3.074785233,33.91253662,0.897536861,53.69385529,63.60514832,0.029090498,18624.10547,0.998826861,41.34334624,16.84160614,15.61499977
9/23/25 17:30:00.000,0,2.970299721,32.76452255,0.867109972,53.72680283,63.63806915,0.029106546,18612.68359,0.998826027,41.36474431,16.84584808,15.56999969
9/23/25 17:40:00.000,17.55236053,2.89709568,31.9684391,0.845842426,53.79016876,63.70411301,0.029138729,18590.75781,0.998824954,41.40767455,16.85210037,15.78600025
9/23/25 17:50:00.000,92.67034912,2.961711168,32.68492126,0.864665287,53.80055237,63.72006989,0.029146444,18587.16992,0.99882549,41.41804576,16.84955978,15.77700043
9/23/25 18:00:00.000,99.87885284,3.166214228,34.94255066,0.924304025,53.82905579,63.7590332,0.029165316,18577.32813,0.998826087,41.44337401,16.84595299,15.78600025
9/23/25 18:10:00.000,0,3.127994776,34.53372574,0.913304788,53.83501816,63.75347137,0.029162742,18575.26953,0.998824596,41.43975675,16.85470581,15.54300022
9/23/25 18:20:00.000,0,3.085235596,34.0720253,0.900946304,53.91107941,63.83324814,0.029201595,18549.0625,0.998823285,41.49161279,16.86183739,15.76799965
9/23/25 18:30:00.000,0,3.109488964,34.34903336,0.908089456,53.94308853,63.8661499,0.029217638,18538.05664,0.998822749,41.51299968,16.86529922,15.74100018
9/23/25 18:40:00.000,0,3.092239141,34.16864395,0.903188801,53.94099808,63.85262299,0.02921118,18538.77539,0.998821497,41.50420427,16.87295341,15.74100018
9/23/25 18:50:00.000,0,3.037724972,33.57180786,0.887345413,53.91818237,63.81912994,0.029194977,18546.61914,0.998820722,41.48243368,16.87744713,15.71399975
9/23/25 19:00:00.000,0.924449623,2.981452465,32.94738007,0.870991504,53.88931656,63.77783585,0.029174991,18556.55469,0.998819828,41.45559669,16.88239098,15.76799965
9/23/25 19:10:00.000,1.265851498,3.043659925,33.64762497,0.889317418,53.87891006,63.75294113,0.029163025,18560.13867,0.998818278,41.43941402,16.891119,15.75
9/23/25 19:20:00.000,1.158595204,3.104227543,34.32276917,0.907102347,53.83129501,63.68946838,0.02913226,18576.55469,0.998817325,41.39815271,16.8960743,15.75
9/23/25 19:30:00.000,0,3.027658701,33.48379135,0.884846659,53.77383423,63.61169052,0.029094571,18596.4043,0.998816311,41.34760052,16.90288734,15.74100018
9/23/25 19:40:00.000,0,2.952451229,32.66156387,0.86300877,53.74764633,63.56867981,0.02907381,18605.4668,0.998814702,41.31964222,16.91126442,15.75899982
9/23/25 19:50:00.000,0,2.889521599,31.96632385,0.844658957,53.76302338,63.58302307,0.029080814,18600.14453,0.998814285,41.32896662,16.91394043,15.72299957
9/23/25 20:00:00.000,0,2.831584215,31.33553505,0.827957694,53.74537277,63.54137802,0.029060787,18606.25391,0.998811781,41.30189866,16.92840958,15.70499992
9/23/25 20:10:00.000,0,2.755815268,30.50717354,0.805969179,53.71509171,63.49055481,0.029036252,18616.74219,0.998809874,41.26886278,16.93889046,15.71399975
9/23/25 20:20:00.000,2.573379278,2.738099813,30.31228447,0.800866116,53.77456284,63.5537796,0.029067028,18596.15234,0.998809099,41.30995646,16.94381714,15.71399975
9/23/25 20:30:00.000,20.34242249,2.764187574,30.60256004,0.808568842,53.82846832,63.61086273,0.029094826,18577.53125,0.998808384,41.34706408,16.94843102,15.73200035
9/23/25 20:40:00.000,8.511450768,2.720216751,30.121315,0.795817785,53.8429184,63.61782837,0.029098317,18572.54492,0.998807073,41.35158658,16.95547295,15.75
9/23/25 20:50:00.000,1.229525566,2.678424358,29.65830612,0.783644522,53.85782623,63.63038635,0.029104466,18567.4043,0.998806536,41.35975242,16.958992,15.70499992
9/23/25 21:00:00.000,0.170558646,2.711494684,30.02943039,0.793396631,53.72577286,63.46739197,0.02902534,18613.04102,0.998805583,41.25380516,16.96386719,15.71399975
9/23/25 21:10:00.000,0,2.744465828,30.3971653,0.803085156,53.67099762,63.39888382,0.028992102,18632.03711,0.998805046,41.20927677,16.96652412,15.72299957
9/23/25 21:20:00.000,0,2.820096016,31.23911285,0.825273793,53.6670723,63.38916397,0.028987439,18633.40039,0.99880451,41.20295495,16.97007751,15.77700043
9/23/25 21:30:00.000,0.055160999,2.791053772,30.92162514,0.816896717,53.68523788,63.39974594,0.028992679,18627.09375,0.998803079,41.20983556,16.9776783,15.76799965
9/23/25 21:40:00.000,0.040370185,2.731288671,30.26226425,0.799431923,53.66534805,63.37382889,0.028980115,18633.99805,0.998802841,41.19298607,16.97937965,15.78600025
9/23/25 21:50:00.000,0.081628121,2.71912694,30.13041687,0.795950118,53.54669952,63.22653198,0.028908623,18675.28711,0.998801947,41.09724611,16.98441505,15.77700043
9/23/25 22:00:00.000,0.798247278,2.717549324,30.10835457,0.795540064,53.4687233,63.12969589,0.028861627,18702.52344,0.99880141,41.03430361,16.98776245,15.73200035
9/23/25 22:10:00.000,5.018082142,2.804121971,31.06578636,0.820903722,53.39215088,63.03756332,0.028816871,18729.3457,0.998801112,40.97441584,16.98897552,15.75899982
9/23/25 22:20:00.000,0.748443842,2.821828604,31.26536942,0.826112636,53.35961151,62.99682999,0.028797111,18740.76563,0.998800874,40.9479402,16.9906044,15.75
9/23/25 22:30:00.000,0.849666655,2.750539541,30.4778347,0.805320573,53.43497849,63.07884979,0.028837031,18714.33398,0.99879998,41.00125283,16.99549866,15.75899982
9/23/25 22:40:00.000,0,2.543364525,28.18378067,0.744774686,53.520298,63.16864777,0.028880768,18684.5,0.998798728,41.05962068,17.00316429,15.76799965
9/23/25 22:50:00.000,0,2.255420685,24.99395561,0.660551975,53.63479614,63.29327011,0.028941413,18644.61328,0.998797476,41.14062712,17.0105381,15.77700043
9/23/25 23:00:00.000,0,2.066409349,22.90018845,0.605268408,53.71602249,63.3803215,0.028983789,18616.41992,0.998796403,41.19721055,17.01669884,15.75899982
9/23/25 23:10:00.000,0,1.959775567,21.71944618,0.574037382,53.73400116,63.40134048,0.028994009,18610.19141,0.998796403,41.21087119,17.01683426,15.75899982
9/23/25 23:20:00.000,0.156192347,1.91974771,21.27334404,0.562331782,53.74185562,63.4080162,0.028997276,18607.4707,0.998796105,41.21521115,17.01864815,15.75899982
9/23/25 23:30:00.000,0.150635242,1.848713517,20.48594666,0.541566458,53.66016769,63.30603027,0.028947787,18635.79688,0.998795331,41.14891961,17.02257729,15.77700043
9/23/25 23:40:00.000,0.234572008,1.85372901,20.54013252,0.543044281,53.78849792,63.45625305,0.029020779,18591.33594,0.998795211,41.2465632,17.02339935,15.75899982
9/23/25 23:50:00.000,0.288654894,1.847543836,20.47482491,0.541265796,53.62216568,63.25547791,0.028923279,18649.00391,0.998794675,41.11605883,17.02658844,15.78600025
9/24/25 0:00:00.000,0.511722445,1.822356582,20.19300079,0.533849311,53.58815765,63.22048187,0.028906226,18660.83984,0.998795211,41.0933122,17.022995,15.77700043
9/24/25 0:10:00.000,1.105434775,1.81096375,20.06443214,0.530477856,53.5879097,63.22481918,0.028908284,18660.92578,0.998795748,41.09613225,17.01974297,15.75899982
9/24/25 0:20:00.000,0.867565155,1.701463819,18.85095787,0.498449884,53.62710953,63.26422882,0.028927499,18647.28516,0.998794973,41.12174734,17.02454185,15.77700043
9/24/25 0:30:00.000,0.649337351,1.558598042,17.27016449,0.456691452,53.72317886,63.36254501,0.02897541,18613.93945,0.998793185,41.1856547,17.03505898,15.76799965
9/24/25 0:40:00.000,1.136026621,1.41645503,15.69353199,0.415045916,53.79629517,63.44796371,0.029016918,18588.64063,0.998793125,41.24118015,17.03562927,15.76799965
9/24/25 0:50:00.000,1.305501342,1.294434071,14.33913612,0.379213016,53.83961868,63.51410675,0.029048903,18573.68359,0.998794973,41.28417,17.02511406,15.77700043
9/24/25 1:00:00.000,0.892579257,1.202813864,13.32847691,0.352476869,53.83237457,63.48394012,0.029034467,18576.18164,0.99879235,41.2645638,17.0402298,15.76799965
9/24/25 1:10:00.000,1.122294426,1.200183988,13.29967785,0.351722559,53.87300873,63.52854156,0.029056169,18562.17188,0.998791933,41.29355401,17.04254723,15.75899982
9/24/25 1:20:00.000,1.758244514,1.184400558,13.12609482,0.347119062,53.87203598,63.5228157,0.029053431,18562.50586,0.998791397,41.28983244,17.04574776,15.76799965
9/24/25 1:30:00.000,0.932070017,1.198808312,13.2885313,0.351411312,53.90409851,63.54611588,0.02906489,18551.46484,0.998789608,41.30497575,17.05588341,15.75899982
9/24/25 1:40:00.000,3.652509689,1.285411239,14.24701023,0.37678017,53.84165192,63.47583771,0.029030707,18572.98047,0.998789966,41.25929624,17.05354881,15.75
9/24/25 1:50:00.000,6.057822704,1.369284868,15.17658997,0.401367168,53.85556412,63.49186707,0.029038509,18568.18359,0.998789966,41.26971215,17.0538063,15.78600025
9/24/25 2:00:00.000,1.004921079,1.362441659,15.1000843,0.399367464,53.90206528,63.54560089,0.029064618,18552.16406,0.998789847,41.30464047,17.05457115,15.76799965
9/24/25 2:10:00.000,1.010082126,1.294589877,14.34710312,0.379449171,53.98586273,63.64996338,0.029115273,18523.36719,0.998790503,41.37247801,17.05068207,15.76799965
9/24/25 2:20:00.000,0.897447407,1.186207175,13.14607525,0.347717251,53.98027802,63.63601685,0.029108569,18525.28516,0.998789728,41.36341438,17.05581665,15.76799965
9/24/25 2:30:00.000,0.996450245,1.101786375,12.21026897,0.322984274,53.95046616,63.59770203,0.029089993,18535.52148,0.99878931,41.33850709,17.05803299,15.76799965
9/24/25 2:40:00.000,0.871084392,1.10673666,12.26411152,0.324452472,54.11761093,63.79104996,0.029183952,18478.27344,0.998788953,41.46418348,17.06060028,15.76799965
9/24/25 2:50:00.000,0.88506794,1.083847046,12.01098824,0.317745153,54.06801224,63.73184967,0.029155202,18495.22461,0.998788774,41.42570496,17.06111145,15.77700043
9/24/25 3:00:00.000,0.987465322,1.00579524,11.14418316,0.294844105,54.01622009,63.67539215,0.02912773,18512.95703,0.99878937,41.38900712,17.05790901,15.76799965
9/24/25 3:10:00.000,0.955755055,0.959917545,10.63757706,0.281428583,55.4019928,65.30053711,0.029917335,18049.89258,0.998788953,42.44535044,17.06364059,15.75899982
9/24/25 3:20:00.000,0.960723698,0.953156233,10.56130791,0.279429082,54.06667328,63.73088074,0.029154727,18495.68164,0.998788893,41.42507538,17.0606842,15.75899982
9/24/25 3:30:00.000,0.805746496,1.013564229,11.23509693,0.29722089,54.26472855,63.9438858,0.029258419,18428.17578,0.998786449,41.56352952,17.07489014,15.76799965
9/24/25 3:40:00.000,1.735575676,1.282823324,14.22558212,0.376328735,54.22999573,63.87377167,0.029224627,18439.97852,0.998782814,41.51795432,17.09519386,15.78600025
9/24/25 3:50:00.000,0.623151064,1.484243274,16.45380974,0.43526819,54.21854782,63.88558197,0.029230122,18443.87305,0.998785973,41.52562842,17.07759285,15.76799965
9/24/25 4:00:00.000,0.516966939,1.460767984,16.19445229,0.428395973,54.32199097,64.00524902,0.029288288,18408.75,0.998785794,41.60341248,17.07913399,15.77700043
9/24/25 4:10:00.000,0.639936864,1.413310766,15.66603374,0.414444002,54.31591415,64.00415039,0.02928769,18410.81055,0.998786449,41.60269722,17.07492828,15.76799965
9/24/25 4:20:00.000,0.543845177,1.347177863,14.92947483,0.395031472,54.26642609,63.94948196,0.029261086,18427.59961,0.998786867,41.56716168,17.07239532,15.76799965
9/24/25 4:30:00.000,0.596770048,1.263623595,14.00378036,0.370510088,54.33211517,64.03118896,0.029300757,18405.32031,0.998787403,41.62027314,17.06941223,15.76799965
9/24/25 4:40:00.000,0.634582341,1.159849644,12.85225201,0.34005941,54.31081772,64.01087189,0.029290834,18412.53906,0.99878794,41.60706699,17.06609344,15.75899982
9/24/25 4:50:00.000,0.60919714,1.051134944,11.64665413,0.308136902,54.20757294,63.90070724,0.0292372,18447.60742,0.99878937,41.53545946,17.0580864,15.76799965
9/24/25 5:00:00.000,1.225070357,0.944248676,10.46500015,0.276822891,54.17752075,63.86016464,0.029217549,18457.83984,0.998788774,41.50910676,17.0616436,15.76799965
9/24/25 5:10:00.000,0.983326137,0.859343588,9.523759842,0.251926639,54.14274979,63.82058334,0.029198308,18469.69336,0.998788953,41.4833799,17.06066704,15.78600025
9/24/25 5:20:00.000,0.854688585,0.797985137,8.84263134,0.233938434,54.13237762,63.80844498,0.029192414,18473.23242,0.998788953,41.47548974,17.0606041,15.77700043
9/24/25 5:30:00.000,1.151889086,0.724529982,8.029801369,0.212396265,54.08185577,63.75167084,0.029164802,18490.49023,0.998789251,41.43858701,17.05867004,15.78600025
9/24/25 5:40:00.000,1.084893107,0.66111505,7.326721191,0.193807198,54.02151489,63.68005753,0.029130006,18511.14258,0.998789191,41.39203951,17.05900764,15.76799965
9/24/25 5:50:00.000,1.522047162,0.578257918,6.408482552,0.169518429,53.98287964,63.63412857,0.029107699,18524.39063,0.998789132,41.36218503,17.05927658,15.78600025
9/24/25 6:00:00.000,1.229246616,0.521304786,5.777482033,0.152822799,53.94717407,63.59173203,0.0290871,18536.65234,0.998789072,41.33462906,17.0594902,15.79500008
9/24/25 6:10:00.000,3.600930929,0.485488892,5.381151676,0.142328597,53.97470474,63.62144089,0.029101569,18527.19727,0.998788714,41.35393724,17.06140709,15.77700043
9/24/25 6:20:00.000,1.362199426,0.45640564,5.058412552,0.133790835,54.00554657,63.66407394,0.029122218,18516.61719,0.998789549,41.38164595,17.05702591,15.8039999
9/24/25 6:30:00.000,3.456298828,0.417792141,4.630857944,0.122478194,54.11290359,63.78686142,0.029181905,18479.88086,0.998789072,41.46146029,17.05964851,15.78600025
9/24/25 6:40:00.000,2.977775812,0.37060219,4.108289719,0.108635201,54.15053558,63.83717728,0.029206295,18467.03711,0.998789787,41.49416462,17.05550575,15.76799965
9/24/25 6:50:00.000,3.285992622,0.314309448,3.484921694,0.092133506,54.19139862,63.88589096,0.029229965,18453.11328,0.998789847,41.52582958,17.05513,15.76799965
9/24/25 7:00:00.000,1.999093413,0.267306238,2.964220285,0.078354946,54.23062897,63.93265533,0.029252671,18439.76367,0.998789966,41.55622795,17.05477142,15.76799965
9/24/25 7:10:00.000,2.788401365,0.240186632,2.663573265,0.070404959,54.24467087,63.94959259,0.029260887,18434.99023,0.998790085,41.56723619,17.05450821,15.75899982
9/24/25 7:20:00.000,1.830544472,0.236281693,2.620323896,0.069254739,54.30892181,64.03133392,0.029300546,18413.18164,0.998790801,41.62036628,17.0503521,15.75
9/24/25 7:30:00.000,1.807391644,0.231206179,2.564232826,0.067763776,54.33884048,64.07021332,0.029319398,18403.04297,0.998791218,41.64563864,17.04785156,15.77700043
9/24/25 7:40:00.000,1.580604553,0.234507143,2.600847483,0.068734892,54.36678314,64.09915924,0.029333504,18393.58398,0.998790681,41.66445509,17.05062294,15.77700043
9/24/25 7:50:00.000,4.981827259,0.262468338,2.911252022,0.076928287,54.40171814,64.14244843,0.02935452,18381.77148,0.998791039,41.6925922,17.04916573,15.76799965
9/24/25 8:00:00.000,1.092649341,0.290730149,3.224749565,0.085211858,54.39969635,64.13995361,0.029353309,18382.45508,0.998790979,41.69096798,17.04924583,15.76799965
9/24/25 8:10:00.000,1.34878099,0.285311967,3.165024042,0.083627224,54.49856567,64.25353241,0.029408513,18349.10742,0.998790681,41.76479578,17.0513134,15.77700043
9/24/25 8:20:00.000,3.980138779,0.267174184,2.96349287,0.078300729,54.546772,64.31996918,0.029440694,18332.89063,0.998791873,41.80798307,17.04468346,15.77700043
9/24/25 8:30:00.000,1.358366847,0.21867314,2.425617218,0.064080913,54.51787186,64.29237366,0.029427238,18342.60938,0.998792648,41.7900458,17.04020691,15.78600025
9/24/25 8:40:00.000,1.487035155,0.20346792,2.256851196,0.059623805,54.51682663,64.29288483,0.029427452,18342.96094,0.998792827,41.79037735,17.03899956,15.77700043
9/24/25 8:50:00.000,1.442213655,0.219385043,2.433698416,0.064283616,54.55598068,64.34418488,0.029452333,18329.79688,0.998793542,41.82372242,17.03546906,15.79500008
9/24/25 9:00:00.000,5.620462894,0.356520832,3.954018354,0.104450379,55.6219101,65.61342621,0.030068798,17978.52734,0.998795331,42.64872521,17.02730179,15.76799965
9/24/25 9:10:00.000,73.21664429,0.368054032,4.081987381,0.107839758,55.30485153,65.23201752,0.02988359,18081.5957,0.998794436,42.40081087,17.03233528,15.78600025
9/24/25 9:20:00.000,15.5534296,0.341630816,3.789167881,0.100091778,55.25686646,65.17993927,0.029858248,18097.29883,0.998794913,42.36695915,17.02925873,15.77700043
9/24/25 9:30:00.000,58.63759995,0.315446556,3.498039007,0.092414538,55.25553513,65.18289948,0.029859645,18097.73438,0.998795331,42.3688814,17.02617264,15.76799965
9/24/25 9:40:00.000,1.080023289,0.284246325,3.151938677,0.083268113,55.27762604,65.21431732,0.029874854,18090.50195,0.998796105,42.38930717,17.02252388,15.77700043
9/24/25 9:50:00.000,1.180637002,0.254263341,2.81925416,0.074479785,55.32229233,65.27205658,0.029902849,18075.89648,0.998796642,42.42683575,17.01909637,15.75899982
9/24/25 10:00:00.000,1.006410003,0.247544631,2.744789362,0.072505166,55.13598251,65.05908966,0.029799329,18136.97656,0.998797476,42.28840768,17.01442146,15.76799965
9/24/25 10:10:00.000,1.249150157,0.375189006,4.159224987,0.10988739,54.99477386,64.89536285,0.029719764,18183.54688,0.998797774,42.18198732,17.01244164,15.78600025
9/24/25 10:20:00.000,1.21434176,0.527978957,5.852216244,0.154637927,54.98831177,64.88736725,0.029715886,18185.68359,0.998797715,42.17679054,17.01269341,15.75899982
9/24/25 10:30:00.000,1.272068381,0.586743355,6.502833843,0.171852209,55.0033989,64.90393829,0.029723952,18180.69531,0.998797476,42.18756035,17.01353645,15.75899982
9/24/25 10:40:00.000,1.334871411,0.565700889,6.26965189,0.165701477,55.02551651,64.92454529,0.029734012,18173.38672,0.99879688,42.20095649,17.01728821,15.78600025
9/24/25 10:50:00.000,1.689301014,0.489821732,5.42787075,0.143463842,55.03772736,64.94487,0.02974383,18169.35547,0.998797596,42.21416637,17.01324654,15.8039999
9/24/25 11:00:00.000,1.683031917,0.414306372,4.590175629,0.121347937,55.01224518,64.91376495,0.029728718,18177.77148,0.998797476,42.19394922,17.01395798,15.78600025
9/24/25 11:10:00.000,1.665409684,0.350670367,3.884819746,0.102704165,54.9420433,64.83462524,0.029690243,18200.99805,0.998797834,42.14250669,17.01142502,15.76799965
9/24/25 11:20:00.000,1.680931211,0.324386299,3.593290091,0.095004344,54.88896561,64.77338409,0.029660476,18218.59766,0.998798013,42.10270196,17.01046944,15.78600025
9/24/25 11:30:00.000,1.341942906,0.334744662,3.707455158,0.09802435,54.85748672,64.74664307,0.029647389,18229.05273,0.998799264,42.08531603,17.00334167,15.75899982
9/24/25 11:40:00.000,1.412762761,0.346968591,3.841768742,0.101587914,54.84455872,64.74303436,0.029645512,18233.34961,0.998800635,42.08297282,16.99535942,15.76799965
9/24/25 11:50:00.000,1.36236608,0.339840621,3.761770487,0.099475591,54.85345078,64.77243042,0.029659608,18230.39453,0.998802841,42.10207984,16.98241997,15.75899982
9/24/25 12:00:00.000,1.336228371,0.32229355,3.566875696,0.09433087,54.81981659,64.73945618,0.029643526,18241.57813,0.998803616,42.08064824,16.97780228,15.76799965
9/24/25 12:10:00.000,1.220083833,0.39904356,4.416886806,0.116793521,54.74666595,64.65370178,0.029601868,18265.95313,0.998803735,42.02490672,16.97736359,15.75899982
9/24/25 12:20:00.000,1.29621017,0.575421691,6.368263721,0.16840321,54.71564865,64.62290192,0.029586842,18276.30664,0.99880439,42.00488329,16.97336388,15.75899982
9/24/25 12:30:00.000,1.129479051,0.708568931,7.839712143,0.207358354,54.6437912,64.54219818,0.029547594,18300.33984,0.998804808,41.95242748,16.97050476,15.76799965
9/24/25 12:40:00.000,1.112474561,0.881769776,9.755311012,0.25801812,54.55517197,64.44504547,0.029500322,18330.06836,0.998805702,41.88928008,16.96533394,15.76799965
9/24/25 12:50:00.000,1.060537696,0.970906973,10.74021626,0.284087478,54.47086334,64.34893799,0.0294536,18358.43945,0.998806119,41.82681069,16.96293259,15.75899982
9/24/25 13:00:00.000,1.16444397,1.012160182,11.19468689,0.296159445,54.33677673,64.19025421,0.029376522,18403.74219,0.998806059,41.72366485,16.96312714,15.75899982
9/24/25 13:10:00.000,1.087039351,1.141862512,12.62917614,0.334088514,54.18250275,64.01268768,0.029290218,18456.14258,0.998806477,41.60824791,16.95988083,15.75899982
9/24/25 13:20:00.000,1.160824299,1.383637667,15.30293846,0.404786827,54.01819229,63.8259697,0.029199421,18512.28125,0.998807371,41.48687795,16.95474434,15.78600025
9/24/25 13:30:00.000,3.150464058,1.660491109,18.36115265,0.485771596,53.90999603,63.69953537,0.029137991,18549.43555,0.99880743,41.40469804,16.95376587,15.77700043
9/24/25 13:40:00.000,1.239089847,1.796066046,19.86211395,0.525444684,53.87031555,63.65113068,0.029114487,18563.09961,0.998807251,41.37323424,16.95482445,15.76799965
9/24/25 13:50:00.000,1.185969949,1.833955407,20.28403854,0.536511156,53.83448792,63.61118698,0.029095059,18575.45313,0.998807549,41.34727269,16.95315933,15.79500008
9/24/25 14:00:00.000,2.097629309,1.789477587,19.79692459,0.5235311,53.75978088,63.51860046,0.029050119,18601.26563,0.998806953,41.28709063,16.95616722,15.77700043
9/24/25 14:10:00.000,2.468482733,1.729986548,19.13735771,0.506202548,53.72856903,63.47068405,0.029026946,18612.07227,0.998805583,41.25594348,16.96387482,15.76799965
9/24/25 14:20:00.000,1.310266137,1.871536374,20.70676422,0.547674075,53.7681694,63.51044083,0.029046336,18598.36328,0.998804748,41.28178582,16.9687748,15.77700043
9/24/25 14:30:00.000,1.108796716,1.83648479,20.31211853,0.537442131,53.7277565,63.45910263,0.029021429,18612.35352,0.998804331,41.24841839,16.9712925,15.77700043
9/24/25 14:40:00.000,1.247294068,1.734828353,19.18920517,0.507707628,53.73921204,63.47061539,0.029027048,18608.38672,0.998804092,41.25589877,16.97270012,15.77700043
9/24/25 14:50:00.000,1.2697649,1.663021088,18.39586639,0.486710685,53.79322052,63.53170776,0.029056739,18589.70313,0.998803794,41.29561037,16.97458458,15.75899982
9/24/25 15:00:00.000,1.23110044,1.610664129,17.81817436,0.471361035,53.82248688,63.57041168,0.029075511,18579.5957,0.998804271,41.32076725,16.97169685,15.77700043
9/24/25 15:10:00.000,1.173048854,1.552744389,17.17699814,0.454458028,53.88675308,63.63876724,0.0291088,18557.4375,0.998803377,41.36519879,16.97695541,15.75899982
9/24/25 15:20:00.000,1.316990256,1.490699887,16.49314308,0.436280047,53.93709946,63.70129776,0.029139146,18540.11523,0.998803794,41.40584543,16.97481918,15.77700043
9/24/25 15:30:00.000,1.295927048,1.437268257,15.90331364,0.420700328,54.03992081,63.81261063,0.029193319,18504.83789,0.998802602,41.47819802,16.98184776,15.76799965
9/24/25 15:40:00.000,1.437703729,1.385419726,15.32806301,0.405482864,54.03351974,63.8125,0.029193189,18507.03125,0.998803556,41.47812352,16.97667503,15.77700043
9/24/25 15:50:00.000,1.597762465,1.329020739,14.70350266,0.389007429,54.01087952,63.77993011,0.029177437,18514.78906,0.998802841,41.45695642,16.98072815,15.75899982
9/24/25 16:00:00.000,1.423386931,1.26983273,14.04944038,0.371713436,54.07361221,63.84797668,0.029210549,18493.30859,0.998802066,41.50118306,16.98491478,15.77700043
9/24/25 16:10:00.000,1.424530625,1.25061965,13.83691406,0.366098414,54.08866119,63.86385345,0.029218277,18488.16406,0.998801827,41.51150584,16.98622894,15.78600025
9/24/25 16:20:00.000,1.347763538,1.239063025,13.7122097,0.362785933,54.11863327,63.8850441,0.029228713,18477.92383,0.998800159,41.52527824,16.99608612,15.77700043
9/24/25 16:30:00.000,1.287992358,1.236651778,13.68661594,0.362103617,54.1186142,63.88024139,0.029226432,18477.92969,0.998799503,41.52215645,16.99940491,15.77700043
9/24/25 16:40:00.000,1.393185258,1.234724522,13.66707993,0.361545482,54.10716248,63.86538696,0.029219225,18481.8418,0.998799324,41.51250422,17.00033188,15.76799965
9/24/25 16:50:00.000,1.357634068,1.287650585,14.25364208,0.377058408,54.04595566,63.79010391,0.029182686,18502.77148,0.998799086,41.46356881,17.00244522,15.76799965
9/24/25 17:00:00.000,1.452825904,1.375628829,15.22879982,0.402845692,54.00298309,63.73491287,0.02915591,18517.49609,0.99879843,41.42769426,17.00555611,15.76799965
9/24/25 17:10:00.000,1.478235602,1.418787241,15.7066288,0.415495507,53.97563553,63.70060349,0.029139262,18526.87695,0.998798192,41.40539467,17.00697136,15.79500008
9/24/25 17:20:00.000,1.364639878,1.41958797,15.7174778,0.415785953,53.98143768,63.6977005,0.029137952,18524.88672,0.998796999,41.40350595,17.01376534,15.77700043
9/24/25 17:30:00.000,1.27734971,1.451710463,16.07671165,0.425198084,53.97031021,63.68392181,0.029131263,18528.70508,0.99879694,41.39454663,17.01421547,15.79500008
9/24/25 17:40:00.000,1.403698921,1.455621362,16.12217331,0.426364809,53.9649086,63.67392349,0.029126436,18530.56055,0.998796523,41.38805345,17.01674271,15.78600025
9/24/25 17:50:00.000,1.401813507,1.468648314,16.26862144,0.430180949,53.9801178,63.69179916,0.029135119,18525.33984,0.998796523,41.39967263,17.01679039,15.8039999
9/24/25 18:00:00.000,1.513282657,1.455380797,16.12357521,0.426322247,53.9497261,63.65116501,0.02911544,18535.77539,0.998795927,41.37326032,17.02011871,15.77700043
9/24/25 18:10:00.000,1.436460614,1.407531381,15.59784031,0.412323916,53.9563942,63.65579224,0.029117715,18533.48438,0.998795509,41.3762629,17.02237511,15.79500008
9/24/25 18:20:00.000,1.622335911,1.349283695,14.95250702,0.39522702,53.95713425,63.66292953,0.029121118,18533.23047,0.998796344,41.38090461,17.01801109,15.79500008
9/24/25 18:30:00.000,1.502469063,1.283618331,14.22586632,0.375972713,53.95749664,63.66720581,0.02912315,18533.10547,0.998796761,41.38368368,17.01532745,15.77700043
9/24/25 18:40:00.000,1.466350555,1.216501594,13.48512554,0.356391595,53.98067474,63.67876053,0.029128931,18525.14844,0.998794794,41.39119387,17.02633476,15.77700043
9/24/25 18:50:00.000,1.649424672,1.144239545,12.68587208,0.33527556,53.98890305,63.67660522,0.029128002,18522.32422,0.998793483,41.38979688,17.0345993,15.77700043
9/24/25 19:00:00.000,1.547438979,1.052380919,11.66798878,0.3083955,54.00675583,63.68917084,0.029134177,18516.20117,0.99879235,41.39796272,17.04052162,15.79500008
9/24/25 19:10:00.000,1.465424657,0.988164008,10.9588747,0.289597958,54.02882767,63.70996857,0.029144336,18508.63867,0.998791695,41.4114818,17.04416466,15.8039999
9/24/25 19:20:00.000,1.561045289,0.927521825,10.28881168,0.27185087,54.05514526,63.73416519,0.029156158,18499.62695,0.998790979,41.42720625,17.04892731,15.76799965
9/24/25 19:30:00.000,1.582451224,0.885262072,9.821611404,0.259480472,54.05755997,63.73270035,0.02915548,18498.80078,0.998790264,41.4262563,17.05193329,15.8039999
9/24/25 19:40:00.000,1.442543626,0.828709006,9.194755554,0.242908868,54.09864807,63.77956772,0.029178275,18484.75,0.998790205,41.45672172,17.05302811,15.75899982
9/24/25 19:50:00.000,1.431949496,0.763196945,8.470202446,0.22373666,54.12295914,63.79835129,0.029187497,18476.44727,0.998789132,41.46892577,17.05990219,15.79500008
9/24/25 20:00:00.000,2.558184624,0.706939995,7.847383499,0.207267661,54.14656448,63.81793213,0.029197088,18468.39258,0.998787999,41.48165882,17.0656414,15.78600025
9/24/25 20:10:00.000,1.807267189,0.698000073,7.751016617,0.204675707,54.17827225,63.84498596,0.029210331,18457.58398,0.998786747,41.49924219,17.07282066,15.79500008
9/24/25 20:20:00.000,1.418139815,0.829736948,9.214663506,0.243325228,54.1865654,63.84870911,0.029212203,18454.75977,0.998786092,41.5016599,17.07702827,15.78600025
9/24/25 20:30:00.000,1.361340165,0.871213078,9.676582336,0.255512654,54.15843582,63.8083725,0.029192673,18464.34375,0.998785079,41.47544131,17.08203888,15.79500008
9/24/25 20:40:00.000,1.300014377,0.906233191,10.06872845,0.265813402,54.14773178,63.78768921,0.029182704,18467.99414,0.998784184,41.46200046,17.08766174,15.77700043
9/24/25 20:50:00.000,1.350233674,0.939306259,10.43572044,0.275557194,54.1406517,63.76782227,0.029173162,18470.41016,0.998782754,41.44908488,17.09569168,15.76799965
9/24/25 21:00:00.000,1.330839992,1.021391869,11.3503685,0.299649309,54.12348938,63.74501801,0.029162105,18476.26563,0.998782456,41.43426195,17.09749985,15.8039999
9/24/25 21:10:00.000,1.262881875,1.198688865,13.32263756,0.351661409,54.09175873,63.70799637,0.029144112,18487.10547,0.998782396,41.41019657,17.09725761,15.81299973
9/24/25 21:20:00.000,1.301217079,1.238025904,13.76098442,0.363239139,54.07719803,63.68330002,0.029132186,18492.08203,0.998781562,41.3941443,17.10252571,15.77700043
9/24/25 21:30:00.000,1.320071816,1.1783849,13.10176945,0.345775599,54.0838623,63.68362045,0.029132411,18489.80469,0.998780608,41.39435291,17.10778046,15.77700043
9/24/25 21:40:00.000,1.484843254,1.126880288,12.53121567,0.330722001,54.09767151,63.68684387,0.029134102,18485.08398,0.998778999,41.39644653,17.11688423,15.77700043
9/24/25 21:50:00.000,1.584581494,1.094736099,12.17380905,0.321291761,54.07760239,63.66228104,0.029122181,18491.94336,0.99877882,41.38048366,17.11753464,15.77700043
9/24/25 22:00:00.000,1.437587738,1.062942505,11.82091236,0.311976076,54.07296371,63.65342331,0.029117912,18493.53125,0.998778522,41.37472808,17.11991119,15.77700043
9/24/25 22:10:00.000,1.417664886,1.023138642,11.37805271,0.300303632,54.04148483,63.61382675,0.029098693,18504.30273,0.998778224,41.34899005,17.12168503,15.76799965
9/24/25 22:20:00.000,1.359909415,0.969401777,10.77875805,0.284514479,54.00666428,63.57707596,0.029080799,18516.23242,0.998778582,41.32509977,17.11872101,15.79500008
9/24/25 22:30:00.000,1.381356239,0.971877992,10.80693626,0.285285128,53.99868011,63.55651855,0.029070918,18518.9707,0.99877727,41.31174088,17.12652779,15.78600025
9/24/25 22:40:00.000,1.38671577,1.014675617,11.28419685,0.297886019,53.98466873,63.53071976,0.029058468,18523.77734,0.998776138,41.29496962,17.1330452,15.78600025
9/24/25 22:50:00.000,1.436605096,1.010396957,11.23476982,0.296610511,53.96219254,63.50890732,0.029047824,18531.49219,0.998776734,41.28079116,17.12979698,15.8039999
9/24/25 23:00:00.000,1.298548579,1.015467644,11.29203224,0.298137739,53.97060776,63.50940704,0.02904816,18528.60352,0.998775542,41.28111526,17.13638306,15.76799965
9/24/25 23:10:00.000,1.408536792,1.095188379,12.18532085,0.321693811,53.97937775,63.48566818,0.029036941,18525.59375,0.99877131,41.26568511,17.16025543,15.77700043
9/24/25 23:20:00.000,1.300593853,1.210612059,13.46940708,0.355596862,53.9516983,63.45323181,0.029021179,18535.09766,0.998771369,41.24459997,17.1601696,15.77700043
9/24/25 23:30:00.000,1.292664766,1.267579913,14.10284805,0.372359903,53.92206192,63.41262817,0.029001513,18545.28516,0.998770654,41.21821001,17.16420364,15.79500008
9/24/25 23:40:00.000,1.340833187,1.245981216,13.86297226,0.366029592,53.9037056,63.38802719,0.028989587,18551.59961,0.998770177,41.20221734,17.16632271,15.78600025
9/24/25 23:50:00.000,1.508693218,1.210778475,13.47302055,0.355671696,53.92336655,63.41455078,0.029002439,18544.83594,0.998770714,41.21945798,17.1639328,15.79500008
9/25/25 0:00:00.000,3.456918478,1.332102656,14.84764481,0.391918486,54.12936401,63.54364014,0.029066209,18474.26172,0.998756766,41.30336642,17.24322128,15.76799965
9/25/25 0:10:00.000,3.031529665,1.644261718,18.32295418,0.483696026,54.06334686,63.4754982,0.029033013,18496.82031,0.998757899,41.25907272,17.23664474,15.77700043
9/25/25 0:20:00.000,6.413780212,1.831848264,20.40403748,0.538762137,54.02585983,63.44734955,0.02901919,18509.6543,0.998759806,41.24077782,17.22549438,15.76799965
9/25/25 0:30:00.000,4.302579403,2.055790663,22.88319206,0.604520553,53.90011597,63.31223297,0.02895342,18552.83594,0.998761356,41.1529541,17.21665382,15.78600025
9/25/25 0:40:00.000,5.695334911,2.038372517,22.68972969,0.599439582,53.92691803,63.33873749,0.028966345,18543.61523,0.9987607,41.17017984,17.22015953,15.76799965
9/25/25 0:50:00.000,8.410023689,1.959800005,21.82595253,0.576620964,53.93874359,63.31635284,0.028955799,18539.54883,0.998756289,41.15562886,17.24569511,15.79500008
9/25/25 1:00:00.000,12.47424793,1.846311688,20.56771278,0.543298398,53.91730118,63.28210068,0.028939245,18546.92188,0.998755038,41.13336653,17.25209618,15.77700043
9/25/25 1:10:00.000,2.493712187,1.715368271,19.10710716,0.504777834,53.91233063,63.27463913,0.028935637,18548.63281,0.998754859,41.1285162,17.25324249,15.78600025
9/25/25 1:20:00.000,2.572533846,1.621807814,18.06567955,0.477302426,53.9038887,63.25618362,0.028926745,18551.53711,0.998753846,41.11651704,17.25927162,15.75899982
9/25/25 1:30:00.000,2.281107426,1.512498021,16.85274506,0.445200763,53.87170029,63.20721817,0.028903047,18562.62109,0.998752356,41.08469188,17.26717186,15.78600025
9/25/25 1:40:00.000,2.50071907,1.443791509,16.0885601,0.424968494,53.85222244,63.18584061,0.028892651,18569.33594,0.998752534,41.07079655,17.26612854,15.77700043
9/25/25 1:50:00.000,2.467840195,1.464369535,16.31481934,0.430986452,53.80135345,63.13264465,0.028866747,18586.89258,0.998753428,41.0362184,17.26154137,15.76799965
9/25/25 2:00:00.000,9.861196518,1.403044462,15.62965775,0.412850074,53.75853348,63.09770584,0.028849624,18601.69727,0.998755276,41.01350904,17.25071907,15.77700043
9/25/25 2:10:00.000,5.069489956,1.296374202,14.45631599,0.381808584,53.84503555,63.13338089,0.028867552,18571.81445,0.998747051,41.03669897,17.29724693,15.76799965
9/25/25 2:20:00.000,3.974853754,1.382395864,15.41993046,0.407235716,53.83327103,63.1032753,0.02885307,18575.87305,0.998744905,41.01713002,17.30879211,15.77700043
9/25/25 2:30:00.000,4.045032978,1.712697625,19.09701157,0.504420817,53.78917313,63.06842422,0.028835988,18591.10156,0.99874711,40.9944728,17.29686356,15.75899982
9/25/25 2:40:00.000,4.053312778,1.739270449,19.38856316,0.512120777,53.74234009,63.03132248,0.02881779,18607.30273,0.998749256,40.97036272,17.28424644,15.79500008
9/25/25 2:50:00.000,3.899529696,1.74816668,19.48461723,0.514639815,53.69503403,62.98987961,0.02879753,18623.69531,0.998751104,40.94342142,17.27429581,15.78600025
9/25/25 3:00:00.000,6.146427631,1.691084385,18.85000229,0.497800946,53.66299057,62.95742416,0.028781718,18634.81641,0.99875164,40.92232883,17.27065849,15.79500008
9/25/25 3:10:00.000,3.700393438,1.562283397,17.41491318,0.459830624,53.60938263,62.90311432,0.028755238,18653.45117,0.998752773,40.88702425,17.26456833,15.8039999
9/25/25 3:20:00.000,3.663988352,1.449801445,16.16373825,0.426659127,53.55330276,62.84830093,0.028728517,18672.98438,0.998754144,40.85139558,17.25676727,15.76799965
9/25/25 3:30:00.000,8.234423637,1.350767374,15.05623055,0.397448716,53.48900223,62.7847023,0.028697493,18695.43164,0.998755574,40.81005603,17.24833679,15.77700043
9/25/25 3:40:00.000,2.959308386,1.271103621,14.16826916,0.373982119,53.41093445,62.69816589,0.028655397,18722.75781,0.998756111,40.75380787,17.24470901,15.76799965
9/25/25 3:50:00.000,3.162046194,1.207868338,13.46123981,0.355364875,53.41489792,62.70527267,0.028658831,18721.36914,0.998756528,40.75842723,17.24296379,15.77700043
9/25/25 4:00:00.000,5.29592371,1.170589089,13.04677296,0.344400234,53.36622238,62.64748764,0.028630752,18738.44531,0.998756409,40.72086886,17.24342346,15.78600025
9/25/25 4:10:00.000,3.831624985,1.093688846,12.19055843,0.321753707,53.39128494,62.68178558,0.028647376,18729.64844,0.998757005,40.74316099,17.23995209,15.77700043
9/25/25 4:20:00.000,3.113731623,1.101448059,12.27861786,0.324055106,53.3779068,62.66191864,0.028637756,18734.3418,0.998756468,40.73024914,17.24291229,15.75899982
9/25/25 4:30:00.000,3.717462778,1.066876411,11.8948431,0.313896852,53.40461349,62.69013596,0.028651496,18724.97461,0.998756111,40.74858874,17.24514198,15.77700043
9/25/25 4:40:00.000,3.293700218,1.037013412,11.56238556,0.305097072,53.42497635,62.71731949,0.02866468,18717.83789,0.998756468,40.76625779,17.2428112,15.79500008
9/25/25 4:50:00.000,3.078020334,0.925554037,10.3211441,0.272308833,53.41508865,62.70479584,0.028658597,18721.30273,0.998756409,40.75811803,17.24346352,15.75899982
9/25/25 5:00:00.000,4.530566692,0.81309855,9.068575859,0.239228582,53.40464783,62.69073105,0.02865178,18724.96289,0.998756111,40.74897617,17.24474907,15.75899982
9/25/25 5:10:00.000,3.308871508,0.700727165,7.817416191,0.206183792,53.42164612,62.70482635,0.028658686,18719.00391,0.998755515,40.75814039,17.24891472,15.76799965
9/25/25 5:20:00.000,3.484106302,0.584443092,6.520737648,0.171958927,53.41727829,62.70350266,0.028658008,18720.53516,0.998755932,40.75727612,17.2462101,15.76799965
9/25/25 5:30:00.000,3.907969475,0.516489029,5.763518333,0.151970835,53.41249466,62.69504166,0.028653914,18722.21094,0.998755515,40.75177759,17.2482357,15.76799965
9/25/25 5:40:00.000,3.918492556,0.444033891,4.956163406,0.130653812,53.42113495,62.70407486,0.028658321,18719.18359,0.998755455,40.75764865,17.24902534,15.77700043
9/25/25 5:50:00.000,3.851060629,0.37922433,4.233492374,0.111586174,53.42703629,62.70960236,0.02866102,18717.11523,0.998755276,40.76124355,17.25001907,15.76799965
9/25/25 6:00:00.000,3.80287385,0.308612823,3.445290327,0.090807028,53.45893478,62.74853516,0.028679922,18705.94727,0.998755395,40.78654572,17.24895859,15.79500008
9/25/25 6:10:00.000,3.985772133,0.302130729,3.373188972,0.088905559,53.50152969,62.79388428,0.028701998,18691.05469,0.998754799,40.81602767,17.25226021,15.78600025
9/25/25 6:20:00.000,13.61486721,0.315768868,3.526043892,0.092923297,53.54627991,62.84290314,0.028725864,18675.43359,0.998754501,40.84788635,17.2547493,15.78600025
9/25/25 6:30:00.000,3.441515207,0.310591847,3.469279766,0.091406849,53.62649155,62.93146896,0.028768949,18647.5,0.998753786,40.90545326,17.2586956,15.75899982
9/25/25 6:40:00.000,3.497046471,0.328265995,3.666309118,0.0966132,53.65121078,62.95677567,0.028781286,18638.9082,0.998753369,40.92190415,17.26132011,15.75899982
9/25/25 6:50:00.000,3.463424444,0.331215531,3.699510098,0.09748414,53.70678329,63.01992416,0.028811976,18619.62109,0.99875313,40.9629494,17.26278114,15.76799965
9/25/25 7:00:00.000,3.509919405,0.318864852,3.562101603,0.093864138,53.73379898,63.04005814,0.028821871,18610.25977,0.9987517,40.97603634,17.27096558,15.78600025
9/25/25 7:10:00.000,3.871172667,0.468590021,5.24361515,0.138154406,53.83437729,63.0447998,0.02882519,18575.49023,0.998737514,40.97912088,17.35113525,15.79500008
9/25/25 7:20:00.000,3.655876398,1.119795918,12.53804207,0.33026035,53.84928894,63.03804016,0.028822117,18570.34766,0.998734415,40.97472504,17.36831474,15.76799965
9/25/25 7:30:00.000,3.724705935,1.641575933,18.38524055,0.484167267,53.79950714,62.97691727,0.028792437,18587.53125,0.998733997,40.93499482,17.37033653,15.76799965
9/25/25 7:40:00.000,3.583683014,1.851834893,20.74616432,0.546218528,53.75710678,62.9223671,0.028765978,18602.19141,0.998733401,40.8995375,17.3738308,15.77700043
9/25/25 7:50:00.000,2.287129402,1.915555239,21.46223259,0.565039509,53.72667313,62.88334274,0.028747048,18612.72852,0.998732984,40.87417573,17.37624931,15.75899982
9/25/25 8:00:00.000,2.176830053,2.040543079,22.86799049,0.601912702,53.67136002,62.81799316,0.028715283,18631.91016,0.998732865,40.83169624,17.37668419,15.77700043
9/25/25 8:10:00.000,2.316440344,2.140365601,23.99344635,0.631488466,53.58056641,62.69682693,0.028656542,18663.48242,0.998730898,40.75293988,17.38731575,15.75
9/25/25 8:20:00.000,2.281773806,2.145498753,24.04899597,0.633028804,53.49020386,62.58813095,0.028603734,18695.01172,0.998730481,40.68228602,17.389431,15.8039999
9/25/25 8:30:00.000,2.104137182,2.232585669,25.02466202,0.658642669,53.43017197,62.5266304,0.028573774,18716.01758,0.998731613,40.64230993,17.3831768,15.8039999
9/25/25 8:40:00.000,2.106822968,2.333214521,26.14692497,0.688251885,53.31797028,62.40338516,0.028513812,18755.40234,0.998732626,40.56220129,17.37739944,15.77700043
9/25/25 8:50:00.000,1.872235179,2.391098738,26.79734802,0.705275496,53.24531174,62.3235054,0.028474938,18780.99609,0.998733222,40.5102782,17.37369537,15.78600025
9/25/25 9:00:00.000,22.88530922,2.392359257,26.81212425,0.705552185,53.16314316,62.23701859,0.028432822,18810.02344,0.998734355,40.45405984,17.36672783,15.75899982
9/25/25 9:10:00.000,29.60683441,2.340086937,26.22066116,0.690018384,53.08643723,62.15937424,0.028394984,18837.20313,0.998735905,40.40359333,17.35798645,15.79500008
9/25/25 9:20:00.000,2.912467718,2.282049417,25.57353401,0.673033572,53.03087616,62.08070374,0.028356865,18856.93945,0.998734057,40.35245627,17.36779213,15.77700043
9/25/25 9:30:00.000,2.818888664,2.296078682,25.73901367,0.677290932,52.98885727,62.01882172,0.028326901,18871.89258,0.998732567,40.31223431,17.37694359,15.78600025
9/25/25 9:40:00.000,2.792115211,2.463470936,27.6250248,0.726831091,52.90613556,61.90596771,0.028272195,18901.40039,0.998730421,40.23887962,17.38853073,15.79500008
9/25/25 9:50:00.000,2.703731298,2.772539616,31.07906723,0.81784901,52.82451248,61.82532883,0.028232874,18930.60547,0.998732328,40.18646479,17.37776947,15.76799965
9/25/25 10:00:00.000,2.772568941,3.584413528,40.18949509,1.057414969,52.72366714,61.70201111,0.028172987,18966.81445,0.998731554,40.10630772,17.38160324,15.8039999
9/25/25 10:10:00.000,2.674419165,3.956171513,44.35349274,1.166972201,52.60351563,61.56827927,0.028107928,19010.13672,0.998732448,40.01938179,17.37660217,15.78600025
9/25/25 10:20:00.000,2.365652323,4.187414169,46.93478775,1.235018774,52.51935577,61.47917557,0.028064547,19040.59961,0.99873358,39.9614647,17.36976624,15.78600025
9/25/25 10:30:00.000,2.612863302,4.368327618,48.97706223,1.288571986,52.44691086,61.3836441,0.028018203,19066.90039,0.99873209,39.89937156,17.37758255,15.78600025
9/25/25 10:40:00.000,2.272867918,4.441805363,49.77511215,1.309672162,52.35341644,61.30499268,0.027979717,19100.94922,0.998736084,39.84824568,17.35512733,15.77700043
9/25/25 10:50:00.000,3.106698751,4.498659134,50.42751694,1.326526781,52.30213547,61.24011612,0.027948223,19119.67773,0.998735487,39.80607539,17.35865021,15.77700043
9/25/25 11:00:00.000,2.75082469,4.471293449,50.12337494,1.318320099,52.21947861,61.15070724,0.027904704,19149.94141,0.998736382,39.74796087,17.35326004,15.77700043
9/25/25 11:10:00.000,2.839269876,4.47602129,50.16545105,1.31948557,52.13130569,61.05944443,0.027860237,19182.33203,0.998737931,39.68863934,17.34448051,15.75899982
9/25/25 11:20:00.000,3.031764746,4.513734341,50.59303665,1.330734128,52.06066513,60.96979523,0.027816735,19208.35938,0.998736918,39.63036835,17.34954643,15.77700043
9/25/25 11:30:00.000,15.01625061,4.616519451,51.73319244,1.360975427,51.99211502,60.89270782,0.027779244,19233.68555,0.998737395,39.58025947,17.34720039,15.77700043
9/25/25 11:40:00.000,2.214483023,4.802532196,53.80991364,1.415586267,51.8884201,60.78241348,0.027725542,19272.12305,0.998738706,39.50856999,17.33899879,15.77700043
9/25/25 11:50:00.000,2.089524031,4.931892395,55.23159409,1.453193043,51.79044724,60.69268799,0.027681706,19308.58008,0.998741984,39.45024684,17.32055855,15.76799965
9/25/25 12:00:00.000,2.176092863,5.060363293,56.64953995,1.490523941,51.71333313,60.62669373,0.027649414,19337.37305,0.998745143,39.40735012,17.30259705,15.78600025
9/25/25 12:10:00.000,2.482661009,5.080255985,56.86689758,1.496358079,51.63856888,60.54022217,0.027607376,19365.37109,0.998745382,39.35114294,17.30172729,15.76799965
9/25/25 12:20:00.000,2.423593998,4.993347168,55.88211823,1.470482426,51.56424332,60.4661026,0.027571246,19393.2832,0.998746932,39.30296749,17.29211044,15.77700043
9/25/25 12:30:00.000,2.377226114,4.823408127,53.99858093,1.421031226,51.53837585,60.40683746,0.027542684,19403.01758,0.998743176,39.26444426,17.31349754,15.77700043
9/25/25 12:40:00.000,2.37897706,4.772862911,53.42821884,1.406264275,51.48927689,60.34312057,0.027511774,19421.51953,0.998742223,39.22302648,17.31806183,15.76799965
9/25/25 12:50:00.000,2.300368071,4.979527473,55.72238541,1.466767821,51.43027115,60.2924118,0.027486967,19443.80273,0.998744726,39.19006884,17.30439758,15.77700043
9/25/25 13:00:00.000,3.765822649,5.134940624,57.45340347,1.512411916,51.41218948,60.27728653,0.027479555,19450.64063,0.998745501,39.18023407,17.29989624,15.77700043
9/25/25 13:10:00.000,2.311737299,5.166380405,57.81417084,1.521681831,51.39646912,60.25836945,0.027470369,19456.58984,0.998745441,39.16794062,17.30026054,15.79500008
9/25/25 13:20:00.000,2.537142038,5.129276276,57.3965416,1.510904623,51.3661499,60.21590424,0.027449792,19468.07422,0.998744488,39.14033622,17.30539131,15.75899982
9/25/25 13:30:00.000,2.334652185,5.062871456,56.66005707,1.491689559,51.33477783,60.16311264,0.02742428,19479.9707,0.998742461,39.10602257,17.317276,15.75899982
9/25/25 13:40:00.000,2.345640182,5.000998974,55.96165085,1.47332101,51.31283188,60.14387131,0.027414875,19488.30273,0.998743236,39.09351677,17.31246376,15.8039999
9/25/25 13:50:00.000,2.324841738,5.001230717,55.97646332,1.473591723,51.31521225,60.13712311,0.027411668,19487.39844,0.998741984,39.0891321,17.31955147,15.78600025
9/25/25 14:00:00.000,2.414924145,5.019160748,56.15354538,1.478488026,51.28367233,60.11820984,0.027402317,19499.38281,0.998744369,39.07683864,17.30613708,15.76799965
9/25/25 14:10:00.000,2.181286812,5.01851368,56.13828659,1.478178808,51.22776794,60.05832291,0.027373165,19520.66406,0.998745084,39.03790936,17.30193901,15.76799965
9/25/25 14:20:00.000,2.207488775,4.982757092,55.76520538,1.468129651,51.18889999,59.99006653,0.027340187,19535.48438,0.998741984,38.99354488,17.31882858,15.77700043
9/25/25 14:30:00.000,2.120272875,4.921359539,55.07391357,1.450036093,51.15818024,59.95413971,0.027322726,19547.2168,0.998742044,38.97019103,17.31877136,15.76799965
9/25/25 14:40:00.000,1.985046029,4.884070396,54.65127563,1.438970174,51.10479355,59.89546204,0.027294176,19567.63672,0.99874264,38.93205151,17.31587219,15.77700043
9/25/25 14:50:00.000,2.067517519,4.849009991,54.27441788,1.428907002,51.07040405,59.84216309,0.027268374,19580.8125,0.998740733,38.89740631,17.32557106,15.75899982
9/25/25 15:00:00.000,1.848361135,4.78859663,53.60891724,1.411272404,51.03299713,59.79024887,0.02724321,19595.16406,0.9987396,38.86365891,17.33161354,15.75899982
9/25/25 15:10:00.000,1.898680329,4.756964207,53.26448822,1.402089826,50.99777985,59.74207306,0.027219865,19608.69727,0.998738825,38.83235157,17.33678436,15.76799965
9/25/25 15:20:00.000,2.17560029,4.739451408,53.07522583,1.397199276,50.97578049,59.70300293,0.027200982,19617.1582,0.998736918,38.80695254,17.34673882,15.76799965
9/25/25 15:30:00.000,1.722468019,4.750899315,53.20512009,1.400638741,50.95111084,59.67087173,0.027185395,19626.6582,0.998736501,38.78606483,17.34916687,15.78600025
9/25/25 15:40:00.000,3.625141382,4.828708649,54.0868721,1.423715053,50.92004013,59.62793732,0.027164584,19638.63281,0.998735666,38.75816241,17.35407257,15.77700043
9/25/25 15:50:00.000,1.697797894,4.957889557,55.532547,1.461849831,50.94739151,59.65777969,0.027179103,19628.08984,0.998735428,38.77755627,17.35570908,15.76799965
9/25/25 16:00:00.000,1.77475071,4.982895374,55.79873657,1.469113514,50.87997437,59.58399963,0.027143203,19654.09766,0.998736024,38.72960061,17.35183907,15.77700043
9/25/25 16:10:00.000,1.814401031,4.96643734,55.64491653,1.464552985,50.88403702,59.57510757,0.027138997,19652.5293,0.998734176,38.72382268,17.36207771,
9/25/25 16:20:00.000,1.791187644,4.95211792,55.48278809,1.460158719,50.86392212,59.55954742,0.027131358,19660.30078,0.998735249,38.71370479,17.35608101,15.77700043
9/25/25 16:30:00.000,1.828708053,4.954874992,55.51898575,1.46099417,50.84832001,59.54014969,0.027121946,19666.33398,0.99873513,38.70109841,17.35692787,15.78600025
9/25/25 16:40:00.000,1.971446037,4.926494598,55.20619202,1.452710921,50.84012604,59.52674484,0.02711546,19669.50195,0.998734593,38.69238496,17.35978889,15.76799965
9/25/25 16:50:00.000,2.020171165,4.876165867,54.64698029,1.437888205,50.83828354,59.52360153,0.027113937,19670.21484,0.998734415,38.69033977,17.36053276,15.77700043
9/25/25 17:00:00.000,1.876590729,4.873837471,54.62666702,1.437339548,50.82777405,59.50471878,0.027104819,19674.2832,0.998733521,38.67806867,17.3654747,15.8039999
9/25/25 17:10:00.000,1.793168902,4.924529076,55.20902252,1.452451272,50.82261658,59.49109268,0.027098261,19676.2793,0.998732567,38.66920993,17.37117958,15.76799965
9/25/25 17:20:00.000,1.751246452,5.040984154,56.52507782,1.486675676,50.81099319,59.48304749,0.027094303,19680.78125,0.998733401,38.66397962,17.36699867,15.77700043
9/25/25 17:30:00.000,1.841518283,5.117099762,57.38665009,1.509165417,50.78828049,59.45458984,0.027080491,19689.58203,0.998733044,38.64548355,17.36840248,15.78600025
9/25/25 17:40:00.000,1.901264787,5.166613102,57.95611191,1.523938122,50.79899216,59.45951462,0.027082944,19685.42969,0.99873209,38.64868358,17.37413216,15.76799965
9/25/25 17:50:00.000,2.820338488,5.178456783,58.11901855,1.52790618,50.82049561,59.46343231,0.027085025,19677.09961,0.998729169,38.65123168,17.39011574,15.76799965
9/25/25 18:00:00.000,2.380896807,5.150829792,57.82690811,1.519836847,50.83361435,59.47518158,0.027090767,19672.02148,0.998728693,38.65886852,17.39282417,15.77700043
9/25/25 18:10:00.000,2.299573183,5.144217014,57.76239777,1.517893314,50.91420364,59.56910324,0.027136423,19640.88477,0.998728693,38.71991858,17.39310265,15.78600025
9/25/25 18:20:00.000,2.46199894,5.0752635,56.9981308,1.49760469,50.88489151,59.53229904,0.027118567,19652.19922,0.998728395,38.69599476,17.39498711,15.75899982
9/25/25 18:30:00.000,2.38997221,5.017521858,56.35871124,1.480666128,50.88490677,59.52755737,0.027116297,19652.19336,0.998727739,38.69291022,17.3985672,15.77700043
9/25/25 18:40:00.000,2.421444893,4.986564636,56.0273819,1.471730216,50.89086151,59.5253067,0.027115282,19649.89258,0.998726428,38.69144991,17.40549278,15.8039999
9/25/25 18:50:00.000,2.530181646,4.952516079,55.65621185,1.461932742,50.91366196,59.54022598,0.02712263,19641.09375,0.998724878,38.70114684,17.41432953,15.77700043
9/25/25 19:00:00.000,2.699086189,4.939181805,55.51341629,1.458122982,50.9188118,59.54027557,0.027122714,19639.10742,0.998724103,38.70118037,17.41881752,15.78600025
9/25/25 19:10:00.000,2.701336145,4.949933529,55.65128708,1.461508157,50.94539642,59.56155777,0.027133137,19628.85938,0.998722792,38.71501237,17.42619133,15.79500008
9/25/25 19:20:00.000,2.675076485,4.973278999,55.9192276,1.468409659,50.97344208,59.59397125,0.027148893,19618.05859,0.998722792,38.73608261,17.42647171,15.77700043
9/25/25 19:30:00.000,2.842780352,5.021631718,56.47016907,1.48282033,50.98447418,59.6006813,0.027152212,19613.81445,0.998721898,38.7404412,17.43111992,15.77700043
9/25/25 19:40:00.000,2.680746317,5.061182976,56.92580795,1.494553813,50.97012329,59.58135986,0.027142836,19619.33594,0.99872154,38.72788325,17.43303299,15.76799965
9/25/25 19:50:00.000,35.0955925,5.028620243,56.57851791,1.485100816,50.98534393,59.59165955,0.027147904,19613.48047,0.998720586,38.7345776,17.43866539,15.77700043
9/25/25 20:00:00.000,3.107707977,4.831793785,54.38083649,1.427246133,51.16651535,59.79036713,0.027244601,19544.03125,0.998718858,38.86374086,17.44844055,15.78600025
9/25/25 20:10:00.000,2.897456884,4.72028017,53.13788986,1.394635242,51.18884277,59.80028152,0.027249558,19535.50781,0.998716712,38.87018561,17.46055794,15.76799965
9/25/25 20:20:00.000,3.020558596,4.709316254,53.01663589,1.3914898,51.19275284,59.80020905,0.027249563,19534.01563,0.998716116,38.87013718,17.46403885,15.79500008
9/25/25 20:30:00.000,2.984717607,4.707847118,52.99744797,1.391161255,51.1900444,59.79181671,0.027245522,19535.04883,0.998715341,38.86468336,17.46795845,15.77700043
9/25/25 20:40:00.000,16.69460678,4.712395668,53.05896378,1.39273287,51.18612289,59.77609253,0.02723798,19536.54492,0.998713911,38.85446116,17.47631073,15.77700043
9/25/25 20:50:00.000,2.806105852,4.752887249,53.51543045,1.404799913,51.16758728,59.74942017,0.027225055,19543.62305,0.998713255,38.83712366,17.48008537,15.78600025
9/25/25 21:00:00.000,2.768094063,4.81803894,54.24979401,1.42417593,51.16612244,59.74202728,0.027221505,19544.18164,0.99871248,38.83231804,17.4843483,15.78600025
9/25/25 21:10:00.000,5.296043873,4.854124546,54.66774368,1.435129286,51.12973785,59.68586349,0.027194317,19558.08984,0.998710573,38.79581392,17.494627,15.8039999
9/25/25 21:20:00.000,5.939595699,4.883168221,55.00535583,1.443789615,51.12054825,59.67156601,0.027187403,19561.60547,0.998710215,38.78651932,17.49730873,15.77700043
9/25/25 21:30:00.000,2.9546175,4.944437027,55.6999588,1.462052535,51.10866928,59.65075684,0.027177343,19566.15234,0.998709083,38.77299279,17.50253105,15.78600025
9/25/25 21:40:00.000,4.044303894,4.977763653,56.0735054,1.471966261,51.10583115,59.64471054,0.027174424,19567.23828,0.998708844,38.76906261,17.50458717,15.8039999
9/25/25 21:50:00.000,4.981254578,4.99932766,56.32045364,1.478490682,51.05944061,59.58372116,0.027144827,19585.01758,0.998707831,38.72941807,17.50974274,15.78600025
9/25/25 22:00:00.000,2.985651255,4.970526695,56.00636292,1.470168191,51.04071808,59.55272675,0.027129849,19592.20117,0.998706579,38.7092717,17.51663208,15.75899982
9/25/25 22:10:00.000,2.958559275,4.866376877,54.84141541,1.439504373,51.05182648,59.5591011,0.027132999,19587.9375,0.998705685,38.71341422,17.52159691,15.77700043
9/25/25 22:20:00.000,3.006478548,4.773975372,53.80604935,1.412340948,51.03610611,59.53249359,0.027120128,19593.9707,0.998704612,38.69612142,17.52782631,15.76799965
9/25/25 22:30:00.000,3.142222166,4.70678854,53.05032349,1.392678727,51.03822327,59.52451324,0.02711633,19593.1582,0.998703182,38.69093582,17.53570747,15.77700043
9/25/25 22:40:00.000,3.496036291,4.71354723,53.1200676,1.394709448,51.03347397,59.51748657,0.027112927,19594.98242,0.998702943,38.68636489,17.5368309,15.77700043
9/25/25 22:50:00.000,3.070452929,4.694416046,52.89805603,1.38913555,51.04543304,59.52711487,0.027117645,19590.39063,0.998702347,38.69262338,17.54008484,15.78600025
9/25/25 23:00:00.000,2.993721247,4.672687054,52.67035294,1.383135295,51.07161331,59.53637314,0.027122313,19580.34961,0.998699546,38.69864345,17.55612946,15.77700043
9/25/25 23:10:00.000,3.328309059,4.430939674,49.94186401,1.311457397,51.08161926,59.55422211,0.027130939,19576.51367,0.998700261,38.710244,17.55146408,15.76799965
9/25/25 23:20:00.000,3.284389257,4.177903652,47.10480499,1.236877257,51.07533264,59.52965546,0.027119137,19578.92383,0.998697937,38.69427741,17.56446648,15.75899982
9/25/25 23:30:00.000,1.645910859,4.223991871,47.62820435,1.250738608,51.07777023,59.52070236,0.027114883,19577.98828,0.998696327,38.68845478,17.57336807,15.78600025
9/25/25 23:40:00.000,1.583247304,4.317009926,48.68614197,1.278400381,51.08555984,59.5233078,0.027116209,19575.00391,0.998695493,38.69014978,17.57825279,15.78600025
9/25/25 23:50:00.000,1.822564602,4.530703545,51.1048317,1.341731152,51.07142639,59.5043602,0.02710701,19580.41992,0.998695195,38.67783397,17.58012772,15.77700043
9/26/25 0:00:00.000,1.590436459,4.528149605,51.06963348,1.340872392,51.05693054,59.49271011,0.027101303,19585.98047,0.99869585,38.67026418,17.57616997,15.78600025
9/26/25 0:10:00.000,1.640933394,4.51950264,50.96559525,1.338308062,51.07544708,59.51456451,0.027111925,19578.87891,0.99869591,38.68446872,17.57595634,15.79500008
9/26/25 0:20:00.000,3.258625746,4.513094902,50.87314224,1.336424721,51.06666946,59.50362778,0.02710662,19582.24414,0.99869585,38.67735714,17.57649231,15.77700043
9/26/25 0:30:00.000,9.252100945,4.525925636,51.02157974,1.340277412,51.09531403,59.53431702,0.027121563,19571.26563,0.998695493,38.69730607,17.57852173,15.77700043
9/26/25 0:40:00.000,9.358204842,4.468108177,50.37570572,1.32332336,51.12210083,59.55677032,0.027132541,19561.01172,0.998694241,38.71190175,17.58512878,15.76799965
9/26/25 0:50:00.000,2.765122175,4.386716366,49.46286774,1.29924017,51.11547089,59.54784012,0.027128205,19563.54883,0.998694062,38.70609403,17.5860405,15.77700043
9/26/25 1:00:00.000,2.017715216,4.296456814,48.43890381,1.272570227,51.14514542,59.5790329,0.027143404,19552.19727,0.998693585,38.72637451,17.58858681,15.76799965
9/26/25 1:10:00.000,1.875131249,4.31682539,48.64029694,1.278144273,51.13519287,59.59204102,0.027149532,19556.00391,0.998697042,38.73482719,17.57003021,15.76799965
9/26/25 1:20:00.000,1.918449044,3.975469828,44.77957153,1.176982779,51.1378746,59.60046387,0.02715357,19554.97852,0.998697758,38.74029964,17.56603813,15.8039999
9/26/25 1:30:00.000,1.933314919,3.848789692,43.31996536,1.138958352,51.14618683,59.64134216,0.027173193,19551.79883,0.99870199,38.76687586,17.54254723,15.78600025
9/26/25 1:40:00.000,3.503988028,3.408572435,38.36960983,1.008642103,51.16577911,59.66721344,0.027185749,19544.3125,0.998702347,38.7836881,17.54026985,15.76799965
9/26/25 1:50:00.000,1.838533878,3.446937799,38.81357574,1.02018225,51.20891953,59.70494461,0.027204195,19527.84766,0.998700678,38.80821541,17.54972839,15.77700043
9/26/25 2:00:00.000,1.714915872,3.447124958,38.82094193,1.020423237,51.2410965,59.73009491,0.02721652,19515.58594,0.99869895,38.82456571,17.5590229,15.75899982
9/26/25 2:10:00.000,1.8530761,3.610409498,40.66886902,1.068843438,51.2793808,59.76913834,0.027235551,19501.01563,0.998698294,38.84993866,17.56321716,15.76799965
9/26/25 2:20:00.000,1.672058463,3.643689871,41.04866409,1.078726036,51.29769516,59.78868866,0.027245061,19494.05273,0.998697996,38.86264935,17.56456947,15.76799965
9/26/25 2:30:00.000,1.677062035,3.647269964,41.07991409,1.07967796,51.31263733,59.81297302,0.027256818,19488.37695,0.99869895,38.87842968,17.5594101,15.75899982
9/26/25 2:40:00.000,1.617009521,3.537809372,39.84589005,1.047334462,51.33753586,59.83802795,0.027269023,19478.92383,0.998698413,38.89472038,17.56238937,15.76799965
9/26/25 2:50:00.000,4.829789162,3.504932642,39.4849968,1.037713505,51.38365173,59.88441849,0.027291635,19461.44336,0.99869746,38.92487288,17.56791306,15.75899982
9/26/25 3:00:00.000,1.627657294,3.443372011,38.79412079,1.019533496,51.4121933,59.91455841,0.027306316,19450.63867,0.998697102,38.94446418,17.57025146,15.76799965
9/26/25 3:10:00.000,1.658310533,3.394738197,38.23978043,1.004924842,51.38685608,59.89938736,0.027298819,19460.22852,0.998699009,38.93460333,17.55948639,15.77700043
9/26/25 3:20:00.000,1.477210164,3.287101746,37.03239822,0.973056533,51.51361465,60.04743195,0.027370792,19412.34375,0.998699069,39.03083131,17.55927086,15.77700043
9/26/25 3:30:00.000,1.335202813,3.275629759,36.90073013,0.96963241,51.44118881,59.96501923,0.027330711,19439.67578,0.998699427,38.97726163,17.55776405,15.77700043
9/26/25 3:40:00.000,1.311736584,3.318557739,37.37695313,0.982349388,51.53131485,60.06945038,0.027381485,19405.67578,0.998699307,39.04514387,17.55823517,15.77700043
9/26/25 3:50:00.000,1.271776319,3.332685471,37.53045654,0.986431927,51.591465,60.14648438,0.027418867,19383.05078,0.998700261,39.0952155,17.55306816,15.78600025
9/26/25 4:00:00.000,1.354339004,3.353102207,37.75837326,0.992380473,51.5310936,60.0827713,0.027387854,19405.75977,0.998701096,39.05380145,17.54808235,15.79500008
9/26/25 4:10:00.000,1.446893573,3.361133575,37.85596466,0.994780604,51.5604744,60.11540985,0.027403725,19394.70117,0.998700857,39.07501698,17.54929161,15.76799965
9/26/25 4:20:00.000,1.38777256,3.327211857,37.47898102,0.984614015,51.5847435,60.15252686,0.027421702,19385.57617,0.998702109,39.09914196,17.54270554,15.76799965
9/26/25 4:30:00.000,4.144809246,3.322861195,37.43431473,0.9833438,51.61270142,60.18395233,0.027436979,19375.07617,0.99870199,39.11957145,17.54358482,15.78600025
9/26/25 4:40:00.000,1.367779613,3.301787853,37.21007919,0.977177724,51.61403656,60.18061447,0.027435398,19374.57422,0.998701274,39.1173996,17.54723549,15.75899982
9/26/25 4:50:00.000,1.406272292,3.299256802,37.1723938,0.976232513,51.59207535,60.16888046,0.027429581,19382.82227,0.998703182,39.10977393,17.53688431,15.75899982
9/26/25 5:00:00.000,1.338442445,3.371954679,37.9974823,0.997926857,51.61697769,60.18513107,0.027437583,19373.4707,0.998701394,39.12033513,17.54642296,15.75899982
9/26/25 5:10:00.000,1.483771801,3.491969109,39.35523987,1.033435049,51.63702011,60.20915604,0.027449265,19365.95117,0.998701572,39.13595155,17.54593468,15.76799965
9/26/25 5:20:00.000,1.364394188,3.55149579,40.01355362,1.050738521,51.64464188,60.23869705,0.027463453,19363.09375,0.998704433,39.1551517,17.53054047,15.77700043
9/26/25 5:30:00.000,4.228600025,3.61907959,40.77532196,1.070689602,51.64929199,60.24697113,0.027467445,19361.34961,0.998704791,39.16053101,17.52841568,15.77700043
9/26/25 5:40:00.000,4.363768578,3.728918076,42.01953125,1.103388567,51.65630341,60.24246216,0.027465364,19358.7207,0.998703122,39.15760294,17.5378685,15.77700043
9/26/25 5:50:00.000,4.951560497,3.844859123,43.31095123,1.137516857,51.64247513,60.23707199,0.02746265,19363.90625,0.998704553,39.15409744,17.52986908,15.75899982
9/26/25 6:00:00.000,1.486063957,3.847345352,43.34170151,1.138287616,51.64057541,60.23283768,0.027460614,19364.61719,0.998704135,39.15134445,17.53137207,15.76799965
9/26/25 6:10:00.000,1.594400287,3.922912359,44.18830872,1.160473229,51.62265015,60.22208023,0.027455293,19371.3418,0.998705506,39.14435208,17.52380371,15.79500008
9/26/25 6:20:00.000,1.452177048,3.919616461,44.15151215,1.159491578,51.6136322,60.21199036,0.027450386,19374.72656,0.998705626,39.13779184,17.52348709,15.76799965
9/26/25 6:30:00.000,2.129213333,3.761192322,42.35912704,1.112336798,51.81317139,60.462883,0.027572198,19300.11133,0.998708129,39.30087388,17.51004219,15.77700043
9/26/25 6:40:00.000,1.69784677,3.828064919,43.1240387,1.132425817,51.79775238,60.42564774,0.027554257,19305.85742,0.998705506,39.27667066,17.52432823,15.77700043
9/26/25 6:50:00.000,1.546712875,4.011680126,45.19471741,1.18677332,51.77633286,60.39904404,0.027541341,19313.84375,0.998705328,39.25937787,17.52552986,15.77700043
9/26/25 7:00:00.000,1.522096634,4.171710014,46.99864197,1.234121509,51.78534317,60.40913391,0.027546236,19310.48242,0.998705328,39.26593438,17.52584267,15.76799965
9/26/25 7:10:00.000,1.479433656,4.335779667,48.83725739,1.28255757,51.81640244,60.45082092,0.027566472,19298.9082,0.998705983,39.29303586,17.52179146,15.76799965
9/26/25 7:20:00.000,1.450829625,4.476236343,50.4187851,1.323840888,51.79427338,60.43897629,0.027560595,19307.1543,0.998707831,39.28533196,17.5114193,15.76799965
9/26/25 7:30:00.000,43.84782028,4.475730419,50.40007782,1.32344153,51.78540802,60.4417572,0.02756184,19310.45898,0.998709619,39.28714246,17.50167274,15.76799965
9/26/25 7:40:00.000,1.375711083,4.213433266,47.43877411,1.245685483,51.75975418,60.42269135,0.027552476,19320.0293,0.99871099,39.27475214,17.49359894,15.76799965
9/26/25 7:50:00.000,1.356242537,3.896737099,43.87651443,1.151989048,51.7538147,60.41966629,0.02755098,19322.24805,0.998711526,39.27278146,17.49069786,15.76799965
9/26/25 8:00:00.000,1.483222604,3.747791767,42.19205093,1.107712388,51.74219131,60.42146301,0.027551722,19326.58789,0.998713613,39.2739512,17.47929001,15.76799965
9/26/25 8:10:00.000,1.536450028,3.579090118,40.29301071,1.057623352,51.73773956,60.43116379,0.027556309,19328.25,0.99871558,39.28025439,17.46823883,15.76799965
9/26/25 8:20:00.000,1.557286263,3.445316792,38.77494049,1.017896674,51.71549225,60.41851425,0.027550047,19336.56641,0.998717368,39.2720364,17.45834541,15.76799965
9/26/25 8:30:00.000,1.62190187,3.320001125,37.35643005,0.980846374,51.7243309,60.43072891,0.027555967,19333.26172,0.998717725,39.279975,17.45694351,15.77700043
9/26/25 8:40:00.000,1.61049366,3.314671993,37.2881813,0.979134534,51.7220459,60.43776321,0.027559305,19334.11523,0.998718917,39.28454593,17.44974899,15.77700043
9/26/25 8:50:00.000,1.408045769,3.331217766,37.47128296,0.983974629,51.71097565,60.42821503,0.027554639,19338.25391,0.998719275,39.27833959,17.44723701,15.76799965
9/26/25 9:00:00.000,18.44909286,3.343437433,37.59894943,0.987441682,51.70003891,60.42533875,0.027553156,19342.3457,0.998720646,39.27647322,17.43989372,15.76799965
9/26/25 9:10:00.000,1.442471147,3.45826149,38.88814163,1.02133282,51.69154739,60.41690445,0.027549045,19345.52344,0.998720884,39.27098587,17.43878746,15.75899982
9/26/25 9:20:00.000,1.450477004,3.695226431,41.53913879,1.091051548,51.67447662,60.4136734,0.027547335,19351.91406,0.998723149,39.26888853,17.4263916,15.75899982
9/26/25 9:30:00.000,1.432013512,3.80998373,42.82357407,1.124784242,51.64898682,60.39318466,0.027537292,19361.46484,0.998724282,39.25557062,17.41948509,15.75
9/26/25 9:40:00.000,1.341110706,3.886310577,43.66579056,1.147155075,51.64532089,60.39867783,0.027539877,19362.83789,0.998725593,39.25914317,17.41223526,15.77700043
9/26/25 9:50:00.000,1.322771907,4.001849651,44.96138763,1.181196176,51.63210678,60.38702011,0.027534181,19367.79297,0.99872613,39.25156221,17.40942001,15.76799965
9/26/25 10:00:00.000,1.257936597,4.162371635,46.75999069,1.228526441,51.6133728,60.36792374,0.027524874,19374.82422,0.998726368,39.23914954,17.40733528,15.77700043
9/26/25 10:10:00.000,1.2111516,4.186962605,47.02439499,1.235848692,51.59764481,60.34580231,0.02751415,19380.73047,0.998725951,39.22476992,17.41009712,15.75899982
9/26/25 10:20:00.000,8.631438255,4.312696457,48.43209457,1.272812763,51.56316376,60.3135376,0.027498404,19393.68945,0.998726964,39.20379654,17.40411568,15.76799965
9/26/25 10:30:00.000,42.70298386,4.549607277,51.0855484,1.342502575,51.54579926,60.30519867,0.027494255,19400.22266,0.998728633,39.19837996,17.39522552,15.77700043
9/26/25 10:40:00.000,7.56187439,4.656358719,52.27281952,1.373773176,51.51649094,60.28246307,0.027483102,19411.25977,0.998730123,39.18360174,17.38665009,15.77700043
9/26/25 10:50:00.000,7.012869358,4.764992714,53.48011017,1.405611169,51.49449921,60.2672081,0.027475594,19419.55078,0.998731494,39.17368501,17.37887192,15.75899982
9/26/25 11:00:00.000,3.551549196,4.943762302,55.47422409,1.458100263,51.47702408,60.25837326,0.027471196,19426.14258,0.998732984,39.16794434,17.37024689,15.76799965
9/26/25 11:10:00.000,4.159469128,5.123294353,57.46538162,1.51076934,51.45370865,60.24394608,0.027464075,19434.94531,0.998734713,39.15856406,17.36069489,15.75899982
9/26/25 11:20:00.000,1.128750205,5.237251282,58.74501801,1.544368669,51.46055603,60.25214005,0.02746805,19432.35938,0.998734713,39.16389123,17.36056328,15.76799965
9/26/25 11:30:00.000,1.040317178,5.382052898,60.36532211,1.586875436,51.46035385,60.26037598,0.027471989,19432.43555,0.998735845,39.16924447,17.35427856,15.76799965
9/26/25 11:40:00.000,1.061197996,5.419975758,60.7708931,1.597620629,51.44343185,60.25945282,0.027471369,19438.82813,0.998738408,39.1686447,17.34025955,15.78600025
9/26/25 11:50:00.000,7.445768833,5.418700218,60.73653412,1.597040402,51.44038773,60.26468658,0.027473843,19439.97852,0.998739541,39.17204961,17.3337326,15.75899982
9/26/25 12:00:00.000,7.264107227,5.427866459,60.82530594,1.599628336,51.45995712,60.29248047,0.027487302,19432.58594,0.998740196,39.19010982,17.3301239,15.75899982
9/26/25 12:10:00.000,7.27918005,5.456312656,61.13428879,1.607941533,51.4187851,60.24725723,0.027465299,19448.14453,0.998740613,39.16071728,17.3278904,15.75899982
9/26/25 12:20:00.000,7.24175024,5.458916664,61.14778519,1.608611309,51.40916824,60.24023056,0.027461845,19451.7832,0.99874115,39.15615007,17.32474136,15.76799965
9/26/25 12:30:00.000,7.817815781,5.416423321,60.66650009,1.595927009,51.39663315,60.23252869,0.027458042,19456.52734,0.998742044,39.15114328,17.319561,15.76799965
9/26/25 12:40:00.000,7.523027897,5.308338165,59.4467659,1.563938833,51.36516571,60.20187759,0.02744309,19468.44727,0.998742819,39.13122043,17.3149395,15.78600025
9/26/25 12:50:00.000,7.650220394,5.220110893,58.45725632,1.537849264,51.37527084,60.21810532,0.027450934,19464.61719,0.998743474,39.14176673,17.31168556,15.77700043
9/26/25 13:00:00.000,15.44789886,5.126280785,57.3988533,1.510112251,51.38998795,60.23965073,0.027461372,19459.04297,0.998743951,39.15577382,17.30850029,15.78600025
9/26/25 13:10:00.000,15.58088684,5.043639183,56.47251892,1.485710401,51.36957169,60.2183609,0.027450999,19466.77734,0.998744309,39.14193437,17.30654144,15.78600025
9/26/25 13:20:00.000,15.39638519,4.932466984,55.2314949,1.452882791,51.3746376,60.22816086,0.02745573,19464.85742,0.998744845,39.14830461,17.30368042,15.75899982
9/26/25 13:30:00.000,15.38950062,4.825381756,54.036129,1.42149048,51.4020462,60.25297546,0.027467852,19454.47852,0.998743892,39.16443512,17.30910301,15.75
9/26/25 13:40:00.000,15.17535686,4.852855206,54.34130096,1.429857377,51.40281677,60.24056625,0.027461942,19454.1875,0.998742104,39.15636986,17.31897354,15.77700043
9/26/25 13:50:00.000,15.88254261,4.853168488,54.33913422,1.429904586,51.40859604,60.24965668,0.027466344,19452,0.998742521,39.16227818,17.31725311,15.76799965
9/26/25 14:00:00.000,15.85200024,4.892786026,54.7711792,1.441549257,51.42464828,60.26977539,0.027476102,19445.92773,0.99874264,39.17535767,17.31628799,15.76799965
9/26/25 14:10:00.000,27.75635719,5.039068222,56.41235352,1.484699393,51.42415237,60.26673889,0.027474653,19446.11523,0.998742223,39.17337954,17.3181057,15.77700043
9/26/25 14:20:00.000,28.0353756,5.160668373,57.76136017,1.520419434,51.42726517,60.27538681,0.027478809,19444.9375,0.998742998,39.179001,17.31440353,15.77700043
9/26/25 14:30:00.000,1.973709464,5.242547989,58.66515732,1.544527556,51.42829132,60.27724838,0.027479719,19444.55078,0.998743057,39.18021172,17.31391144,15.76799965
9/26/25 14:40:00.000,1.847586036,5.264564037,58.91788864,1.551118365,51.43559647,60.28118896,0.027481655,19441.78906,0.998742461,39.182771,17.31733894,15.76799965
9/26/25 14:50:00.000,1.699913025,5.238302708,58.63400269,1.543576592,51.44134521,60.27914429,0.027480751,19439.61523,0.998741329,39.18144479,17.32384682,15.75899982
9/26/25 15:00:00.000,1.663292885,5.172972202,57.91096497,1.524501974,51.46611023,60.30006027,0.02749099,19430.26172,0.998740256,39.19503838,17.32984924,15.8039999
9/26/25 15:10:00.000,1.666849136,5.087605476,56.96227646,1.499534059,51.46884155,60.29458618,0.027488407,19429.23047,0.998739004,39.19148073,17.33627701,15.76799965
9/26/25 15:20:00.000,1.891955733,5.003392696,56.02513504,1.474826827,51.51701736,60.34563828,0.027513262,19411.0625,0.998738408,39.22466561,17.34026527,15.76799965
9/26/25 15:30:00.000,1.660762191,4.998329639,55.96409988,1.473369694,51.51774597,60.34479141,0.02751286,19410.78711,0.99873811,39.22411427,17.34152794,15.77700043
9/26/25 15:40:00.000,1.635309577,5.01351881,56.14144897,1.477985251,51.54367065,60.36873245,0.027524557,19401.02344,0.998737395,39.23967481,17.34628105,15.78600025
9/26/25 15:50:00.000,1.724390626,5.047359943,56.52645493,1.48821631,51.55213547,60.3667984,0.027523717,19397.83789,0.998735726,39.23841938,17.35505867,15.76799965
9/26/25 16:00:00.000,1.700548768,5.035840988,56.41293716,1.485202463,51.56910706,60.36867523,0.027524797,19391.45508,0.998733342,39.23964128,17.36838531,15.76799965
9/26/25 16:10:00.000,1.620713592,4.890981674,54.80255508,1.442654683,51.59172821,60.3868103,0.027533676,19382.95313,0.998732388,39.2514281,17.37456703,15.76799965
9/26/25 16:20:00.000,1.657192588,4.783758163,53.61049652,1.411102304,51.61742401,60.41326904,0.027546575,19373.30273,0.998731852,39.26862404,17.37724495,15.79500008
9/26/25 16:30:00.000,1.617481112,4.728426456,52.98266602,1.394648224,51.62272263,60.42609406,0.027552746,19371.31445,0.998732805,39.27696124,17.37234306,15.8039999
9/26/25 16:40:00.000,1.816904902,4.647473812,52.08002853,1.370883252,51.63536453,60.43515396,0.027557194,19366.57227,0.998731971,39.28285092,17.37658882,15.76799965
9/26/25 16:50:00.000,1.799959064,4.476945877,50.16875458,1.320454975,51.60433578,60.40551758,0.027542744,19378.2168,0.998732805,39.26358745,17.37164116,15.79500008
9/26/25 17:00:00.000,1.747977257,4.282119274,47.98670959,1.262957605,51.61066437,60.41481018,0.027547237,19375.83984,0.998733044,39.26962987,17.37024689,15.78600025
9/26/25 17:10:00.000,1.613509774,4.175842285,46.80789948,1.232025138,51.63717651,60.42251205,0.027551183,19365.89258,0.998730004,39.27463293,17.38751793,15.77700043
9/26/25 17:20:00.000,1.57813704,4.129180431,46.29872894,1.21843959,51.65339661,60.43122101,0.027555494,19359.81055,0.998728693,39.28029537,17.39512444,15.78600025
9/26/25 17:30:00.000,1.716807008,4.124460697,46.24623871,1.216951034,51.65955734,60.44392014,0.027561624,19357.50195,0.998729289,39.28855062,17.39105988,15.78600025
9/26/25 17:40:00.000,2.12845397,4.224885941,47.37836838,1.246543652,51.67082214,60.4592247,0.02756905,19353.28125,0.998729646,39.29849714,17.38948441,15.77700043
9/26/25 17:50:00.000,1.700218558,4.148020744,46.52902222,1.223835718,51.68561935,60.47826767,0.027578294,19347.74219,0.998729885,39.31087255,17.38820457,15.79500008
9/26/25 18:00:00.000,1.70761013,3.97244072,44.56137466,1.172058298,51.69197845,60.48419189,0.027581176,19345.36133,0.998729646,39.3147245,17.38932991,15.78600025
9/26/25 18:10:00.000,1.797001362,3.748727322,42.06793976,1.106160985,51.72396469,60.51472855,0.027596084,19333.39844,0.998728752,39.33457285,17.39442253,15.78600025
9/26/25 18:20:00.000,1.752721429,3.514316082,39.44016647,1.037088724,51.77447891,60.56730652,0.027621694,19314.53516,0.998727977,39.36874866,17.39923859,15.76799965
9/26/25 18:30:00.000,1.591267228,3.314150572,37.19800568,0.978144105,51.7986412,60.58670044,0.027631197,19305.52539,0.998726785,39.38135877,17.40579414,15.76799965
9/26/25 18:40:00.000,1.580043435,3.17282939,35.62293625,0.936553265,51.84457016,60.63158798,0.027653098,19288.42383,0.998725653,39.41053152,17.41231537,15.78600025
9/26/25 18:50:00.000,1.597314358,3.083741188,34.62305069,0.910229348,51.88975525,60.68649673,0.027679762,19271.62695,0.998725951,39.44622353,17.4107933,15.78600025
9/26/25 19:00:00.000,1.914737821,3.017749071,33.87945557,0.890666634,51.92271423,60.73168945,0.027701678,19259.39453,0.998726845,39.47559744,17.40589523,15.77700043
9/26/25 19:10:00.000,1.869930625,2.912549019,32.70764542,0.859660625,51.95093918,60.7612114,0.027716046,19248.92969,0.998726428,39.49478641,17.40846634,15.8039999
9/26/25 19:20:00.000,1.757300973,2.871901751,32.26348877,0.847872926,51.968853,60.76489258,0.027717991,19242.29492,0.998724163,39.49717805,17.42118835,15.78600025
9/26/25 19:30:00.000,2.41934514,2.978930712,33.47727203,0.879618492,52.02671051,60.82082748,0.027745273,19220.89648,0.998722553,39.53353688,17.42981339,15.77700043
9/26/25 19:40:00.000,2.316319466,3.008058548,33.81540298,0.888481673,52.05391693,60.83201218,0.027750885,19210.84961,0.998719871,39.54080865,17.44499397,15.77700043
9/26/25 19:50:00.000,2.586486101,3.025698423,34.01932144,0.893733961,52.07342529,60.85160828,0.027760439,19203.65234,0.998719394,39.55354542,17.44735146,15.79500008
9/26/25 20:00:00.000,2.217622519,2.983802319,33.53984451,0.881350249,52.07510376,60.85422516,0.027761705,19203.03516,0.998719573,39.55524787,17.4468708,15.77700043
9/26/25 20:10:00.000,2.294463873,2.882993937,32.42034149,0.851938499,52.12371063,60.88105392,0.027774997,19185.12695,0.998715639,39.57268596,17.46892738,15.77700043
9/26/25 20:20:00.000,1.950012326,2.829677105,31.82854652,0.836219256,52.14712143,60.90539932,0.027786857,19176.51367,0.998715222,39.58851099,17.47113228,15.77700043
9/26/25 20:30:00.000,1.506674767,2.945623636,33.13339233,0.870422342,52.16695786,60.93345261,0.027800446,19169.22266,0.998715937,39.60674629,17.46754074,15.77700043
9/26/25 20:40:00.000,1.562577248,2.933390856,33.00724792,0.866878722,52.19019318,60.9549675,0.027810957,19160.6875,0.998715162,39.62073103,17.47167587,15.77700043
9/26/25 20:50:00.000,5.600910187,2.818614721,31.72900581,0.833238528,52.22687912,60.97429657,0.027820542,19147.22852,0.998712063,39.63329643,17.48896408,15.76799965
9/26/25 21:00:00.000,5.975942612,2.787602425,31.36967468,0.82400048,52.22190475,60.97438431,0.027820535,19149.05273,0.998712897,39.63334858,17.48463058,15.78600025
9/26/25 21:10:00.000,6.01832962,2.852401257,32.10066605,0.843211266,52.24567032,60.99755096,0.027831839,19140.3418,0.998712301,39.64840993,17.48799706,15.77700043
9/26/25 21:20:00.000,6.054899216,2.886297941,32.47646713,0.853253932,52.25685883,61.0087204,0.02783728,19136.24414,0.998712063,39.6556668,17.48939133,15.77700043
9/26/25 21:30:00.000,2.31665206,2.8925035,32.54354858,0.855109906,52.26942825,61.02159882,0.027843557,19131.64258,0.998711705,39.66404125,17.4907093,15.77700043
9/26/25 21:40:00.000,2.257454157,2.837605476,31.92752838,0.838872249,52.29761887,61.05535126,0.027859952,19121.33008,0.998712003,39.68597949,17.49009323,15.78600025
9/26/25 21:50:00.000,2.383576155,2.758182764,31.03446579,0.815457287,52.3173027,61.07265472,0.027868414,19114.13477,0.998711109,39.69722614,17.49426079,15.79500008
9/26/25 22:00:00.000,2.400617361,2.672899485,30.07598114,0.790409118,52.38026428,61.13147354,0.027897127,19091.16016,0.998709202,39.73545507,17.50502968,15.79500008
9/26/25 22:10:00.000,1.651815414,2.610989571,29.39019585,0.772388734,52.35906982,61.08066177,0.027872648,19098.88867,0.998705804,39.70243037,17.52418327,15.78600025
9/26/25 22:20:00.000,2.913473368,2.624670982,29.54787445,0.77652372,52.39064789,61.10952759,0.027886733,19087.37695,0.998704791,39.72119465,17.53003693,15.76799965
9/26/25 22:30:00.000,1.763538718,2.778607368,31.27416992,0.821900642,52.39112473,61.12429047,0.027893798,19087.20313,0.998706579,39.730791,17.51960373,15.8039999
9/26/25 22:40:00.000,1.709012628,2.907493591,32.71956635,0.859894604,52.37416458,61.11510468,0.027889248,19093.38281,0.99870801,39.72481564,17.51182175,15.78600025
9/26/25 22:50:00.000,1.668442726,2.85855031,32.16873932,0.845469106,52.34389496,61.07568741,0.02787012,19104.42383,0.998707533,39.69919682,17.51482964,15.76799965
9/26/25 23:00:00.000,1.694589496,2.758367062,31.04514694,0.816030286,52.3266716,61.03902054,0.027852429,19110.71289,0.998705208,39.67536241,17.52700996,15.77700043
9/26/25 23:10:00.000,1.598823905,2.745531321,30.90604019,0.812330581,52.30322266,61.00333405,0.027835153,19119.28125,0.998704135,39.65216503,17.53314209,15.77700043
9/26/25 23:20:00.000,1.621376634,2.803955555,31.56107903,0.829595917,52.27947617,60.97740936,0.027822539,19127.96484,0.998704374,39.63531554,17.53183746,15.8039999
9/26/25 23:30:00.000,1.625320435,2.939561129,33.08311081,0.869771522,52.26883316,60.96051407,0.027814366,19131.85938,0.998703837,39.62433338,17.53513718,15.75899982
9/26/25 23:40:00.000,1.681232095,3.024910212,34.050354,0.895075727,52.25819778,60.94425583,0.027806496,19135.75391,0.998703301,39.61376846,17.53797531,15.77700043
9/26/25 23:50:00.000,1.632402897,3.075859547,34.61016464,0.910028268,52.26129913,60.95726395,0.027812744,19134.61719,0.998704553,39.62222114,17.53105927,15.76799965
9/27/25 0:00:00.000,1.744777679,3.015115023,33.92697144,0.892256247,52.27113342,60.95309448,0.027810847,19131.01758,0.998702466,39.61951286,17.54257774,15.77700043
9/27/25 0:10:00.000,1.804329038,2.884788036,32.49720383,0.854511976,53.1415329,61.89969635,0.028271521,18817.67383,0.998693824,40.23480415,17.59216499,15.77700043
9/27/25 0:20:00.000,2.074662209,2.996772766,33.77696228,0.888087847,53.04074478,61.75011826,0.028199058,18853.42969,0.998689651,40.1375778,17.61558914,15.77700043
9/27/25 0:30:00.000,1.379847884,3.075192451,34.64723206,0.91111127,52.8902092,61.59144974,0.028121816,18907.0918,0.998691797,40.03443941,17.60348129,15.76799965
9/27/25 0:40:00.000,1.129788518,3.213294506,36.20780182,0.952037645,52.80436707,61.49077988,0.028072881,18937.82813,0.998691499,39.96900842,17.60399628,15.8039999
9/27/25 0:50:00.000,1.153411508,3.358081341,37.82946396,0.994852745,52.73589325,61.41694641,0.02803695,18962.41797,0.998692393,39.9210155,17.59967422,15.79500008
9/27/25 1:00:00.000,1.13049686,3.384257078,38.11488724,1.002582173,52.69351578,61.36927414,0.02801376,18977.66797,0.998692572,39.89002854,17.59844208,15.77700043
9/27/25 1:10:00.000,1.081869364,3.308613777,37.24765778,0.979948371,52.62101364,61.30099487,0.027980432,19003.81445,0.998694718,39.84564915,17.58659172,15.76799965
9/27/25 1:20:00.000,1.133676887,3.23783946,36.44984818,0.958959505,52.56338501,61.23580933,0.027948737,19024.65039,0.998694897,39.8032777,17.58516121,15.77700043
9/27/25 1:30:00.000,1.204721808,3.146525145,35.41092682,0.931781918,52.51588821,61.19046402,0.027926613,19041.85547,0.998696148,39.7738032,17.57782745,15.78600025
9/27/25 1:40:00.000,1.243667483,3.029505253,34.08119202,0.897024201,52.48377228,61.16122055,0.027912345,19053.50781,0.998697221,39.75479305,17.5718174,15.79500008
9/27/25 1:50:00.000,1.246631503,2.888587236,32.49354935,0.855317109,52.4914093,61.16868591,0.027915975,19050.73633,0.998697102,39.7596471,17.57287025,15.76799965
9/27/25 2:00:00.000,1.418443322,2.78804493,31.35566902,0.825375808,52.54336548,61.24364471,0.027952291,19031.89844,0.998699009,39.80837017,17.56229782,15.76799965
9/27/25 2:10:00.000,1.309425116,2.652855396,29.83102989,0.785394793,52.46899033,61.1533699,0.027908433,19058.87695,0.998698473,39.7496894,17.56492996,15.76799965
9/27/25 2:20:00.000,1.37719214,2.536904812,28.51580048,0.750868989,52.43530655,61.13254166,0.027898166,19071.11914,0.998700917,39.7361517,17.55138779,15.76799965
9/27/25 2:30:00.000,1.314983845,2.452910423,27.58456039,0.726334659,52.55464172,61.24026489,0.027950779,19027.81445,0.998696864,39.80617225,17.57441711,15.76799965
9/27/25 2:40:00.000,2.150303364,2.431034088,27.34869003,0.719875151,52.60780334,61.30035019,0.02798,19008.58594,0.998696566,39.8452282,17.57578087,15.75899982
9/27/25 2:50:00.000,3.113605499,2.379086494,26.78084564,0.704498909,52.4554863,61.12217712,0.027893405,19063.7832,0.998696506,39.72941265,17.57628632,15.76799965
9/27/25 3:00:00.000,1.23967278,2.347371817,26.43213081,0.695275319,52.5081749,61.16659546,0.027915129,19044.6543,0.998694181,39.75828737,17.58875656,15.77700043
9/27/25 3:10:00.000,1.250340939,2.335004807,26.30879211,0.691807159,52.4947052,61.13122559,0.027898097,19049.54102,0.998691678,39.73529488,17.60322571,15.75899982
9/27/25 3:20:00.000,1.204444528,2.425776958,27.34041405,0.718851676,52.56728363,61.20081329,0.027932042,19023.23828,0.998689651,39.78053108,17.61419487,15.75899982
9/27/25 3:30:00.000,1.11091125,2.736203432,30.83930206,0.810881415,52.53993988,61.16579819,0.027915042,19033.13867,0.998689234,39.75776955,17.61653137,15.75899982
9/27/25 3:40:00.000,2.791765451,2.949981451,33.24770737,0.874132225,52.49229813,61.11857605,0.027892027,19050.41406,0.998690248,39.72707689,17.61046791,15.79500008
9/27/25 3:50:00.000,5.536931515,2.870972395,32.35551453,0.850686873,52.49816895,61.12821579,0.027896695,19048.2832,0.998690605,39.7333391,17.60840416,15.78600025
9/27/25 4:00:00.000,0.950253189,2.733996868,30.81961823,0.810270871,52.5057106,61.12207031,0.027893826,19045.54688,0.998688698,39.72934559,17.61938667,15.75899982
9/27/25 4:10:00.000,1.034990311,2.655462503,29.92555237,0.786896774,52.53115463,61.16061783,0.027912498,19036.32227,0.99868989,39.75440189,17.61282158,15.77700043
9/27/25 4:20:00.000,1.195432305,2.534091711,28.55101395,0.750831517,52.43610382,61.0591507,0.027863091,19070.83008,0.998691082,39.68844935,17.60604477,15.76799965
9/27/25 4:30:00.000,1.104112864,2.512427568,28.30016518,0.744365444,52.42085648,61.04582596,0.027856575,19076.37695,0.998691618,39.67978805,17.60278511,15.76799965
9/27/25 4:40:00.000,1.188945889,2.471445799,27.83180809,0.732176321,52.40142059,61.02774048,0.027847758,19083.45117,0.998692155,39.66803104,17.5994339,15.77700043
9/27/25 4:50:00.000,1.420322537,2.432960749,27.39636803,0.72080465,52.36689377,60.9846344,0.027826821,19096.03516,0.998691916,39.64001313,17.60156822,15.76799965
9/27/25 5:00:00.000,1.502782345,2.439809799,27.46679688,0.722733061,52.40878296,61.04322052,0.027855217,19080.77148,0.998693168,39.67809305,17.594347,15.79500008
9/27/25 5:10:00.000,1.317690134,2.457261324,27.65962982,0.727785891,52.41289139,61.05923843,0.027862919,19079.27539,0.998694658,39.68850523,17.58608246,15.75899982
9/27/25 5:20:00.000,2.850592852,2.434087038,27.4056778,0.720980208,52.39809418,61.0363884,0.027851859,19084.66406,0.998693824,39.67365623,17.59021378,15.75899982
9/27/25 5:30:00.000,1.330224037,2.348254442,26.44301987,0.695570669,52.39506149,61.03142166,0.027849454,19085.76758,0.998693645,39.67042267,17.59126663,15.76799965
9/27/25 5:40:00.000,1.374452114,2.266433239,25.51802063,0.67128935,52.36743164,61.00381088,0.027836001,19095.83789,0.998694301,39.65247795,17.58789635,15.77700043
9/27/25 5:50:00.000,1.350439191,2.191725254,24.6765976,0.649100197,52.44615555,61.10226822,0.027883805,19067.17383,0.998695254,39.71647471,17.58293152,15.76799965
9/27/25 6:00:00.000,23.08075714,2.138161421,24.07283783,0.633149556,52.43071365,61.09399033,0.027879698,19072.79102,0.998696506,39.71109539,17.57579041,15.77700043
9/27/25 6:10:00.000,25.61018181,2.127367496,23.94798851,0.62982708,52.43479156,61.11273956,0.027888706,19071.30664,0.998698413,39.72328082,17.56549644,15.77700043
9/27/25 6:20:00.000,1.298368931,2.162866831,24.35078621,0.640382258,52.47449875,61.15414047,0.027908865,19056.875,0.998697698,39.75019231,17.56908035,15.75899982
9/27/25 6:30:00.000,1.264783859,2.128154516,23.96234894,0.630270697,52.47540283,61.13673019,0.027900547,19056.54688,0.998695314,39.73887488,17.58264923,15.75899982
9/27/25 6:40:00.000,3.615526199,2.145250559,24.15360069,0.635292251,52.50576782,61.1765976,0.02791989,19045.52734,0.99869591,39.764788,17.57934952,15.77700043
9/27/25 6:50:00.000,21.50286865,2.275658846,25.61983871,0.67386976,52.48485184,61.15649414,0.027910078,19053.11719,0.998696446,39.75172341,17.57621384,15.77700043
9/27/25 7:00:00.000,1.23770678,2.383995295,26.84141541,0.705953903,52.50980377,61.18539047,0.027924139,19044.0625,0.998696446,39.77050632,17.57634354,15.75899982
9/27/25 7:10:00.000,1.307927608,2.386193514,26.87172127,0.706670004,52.50892258,61.17785645,0.027920516,19044.38281,0.998695552,39.76560757,17.58112335,15.75899982
9/27/25 7:20:00.000,1.299661756,2.41028142,27.14594841,0.71388183,52.49022675,61.14827347,0.027906209,19051.16602,0.998694479,39.74637762,17.58685875,15.76799965
9/27/25 7:30:00.000,1.316162109,2.439665556,27.48140526,0.722678918,52.53361893,61.18984604,0.027926488,19035.42969,0.998693407,39.77340087,17.59345245,15.77700043
9/27/25 7:40:00.000,1.30375731,2.52839303,28.4856987,0.749022235,52.55575943,61.20983124,0.02793625,19027.41016,0.998692572,39.78639096,17.59771156,15.75899982
9/27/25 7:50:00.000,1.198040128,2.606779337,29.35574722,0.771929775,52.58766556,61.27562332,0.027967995,19015.86523,0.998696446,39.82915729,17.57670784,15.76799965
9/27/25 8:00:00.000,1.932505965,2.445712566,27.54017448,0.724174408,52.6232872,61.32286072,0.027990906,19002.99414,0.998697162,39.85986114,17.57250786,15.77700043
9/27/25 8:10:00.000,1.480409265,2.457769632,27.69987869,0.72844357,52.75538254,61.40929413,0.028033469,18955.41211,0.99868834,39.91604224,17.62189293,15.8039999
9/27/25 8:20:00.000,1.220730424,2.908982277,32.78849792,0.862302997,52.81560516,61.46896744,0.028062556,18933.79883,0.99868691,39.95482996,17.62952423,15.76799965
9/27/25 8:30:00.000,1.580715775,3.254958868,36.684021,0.964782726,52.80688095,61.46429443,0.028060246,18936.92578,0.998687685,39.95179012,17.62550926,15.77700043
9/27/25 8:40:00.000,1.726460457,3.504798174,39.48258972,1.038379446,52.72921753,61.40489197,0.028031116,18964.81836,0.998691857,39.91318122,17.60280609,15.78600025
9/27/25 8:50:00.000,1.711308122,3.603520393,40.5871582,1.067306714,52.71969986,61.41513062,0.028035924,18968.24219,0.998694658,39.91983458,17.58719826,15.77700043
9/27/25 9:00:00.000,1.731524467,3.596402884,40.4954567,1.064978355,52.70206833,61.40923691,0.02803294,18974.58789,0.998696566,39.91600499,17.57647896,15.76799965
9/27/25 9:10:00.000,1.711457372,3.41291976,38.42337418,1.01073036,52.7345047,61.44098282,0.028048413,18962.91602,0.998695791,39.93663937,17.58090401,15.78600025
9/27/25 9:20:00.000,13.30349827,3.143954515,35.39284134,0.931088685,52.86262131,61.58942795,0.028120579,18916.95898,0.998695672,40.03312811,17.58150673,15.75899982
9/27/25 9:30:00.000,1.731815934,2.946767807,33.17914963,0.872860978,52.81020355,61.51452255,0.028084282,18935.73438,0.998693764,39.98444229,17.59161186,15.77700043
9/27/25 9:40:00.000,1.624646783,2.768065691,31.17835426,0.820027259,52.82481384,61.52303314,0.028088491,18930.49805,0.998692751,39.98997435,17.59782791,15.77700043
9/27/25 9:50:00.000,1.625265718,2.65162015,29.86931229,0.785463467,52.83246994,61.53785324,0.028095648,18927.75391,0.998693466,39.99960423,17.59351349,15.77700043
9/27/25 10:00:00.000,1.629787326,2.621837854,29.52585602,0.776640562,52.8248291,61.52922821,0.028091449,18930.49219,0.998693466,39.99399766,17.59331512,15.75899982
9/27/25 10:10:00.000,1.625419617,2.558159113,28.80265427,0.757712291,52.83937073,61.55230713,0.028102616,18925.28125,0.99869436,40.00899941,17.58883095,15.76799965
9/27/25 10:20:00.000,1.660804749,2.474169493,27.85289383,0.732769236,52.85972977,61.5823288,0.028117167,18917.99219,0.998695135,40.02851248,17.58422661,15.76799965
9/27/25 10:30:00.000,1.741907477,2.340491056,26.34489632,0.693109609,52.89482117,61.63011932,0.028140333,18905.44336,0.998696148,40.0595814,17.5791893,15.77700043
9/27/25 10:40:00.000,2.170155764,2.210693836,24.88881493,0.654643779,52.8836441,61.62001419,0.028135393,18909.4375,0.998696446,40.05300999,17.57706261,15.75899982
9/27/25 10:50:00.000,2.331752777,2.114562988,23.7970047,0.626046531,52.97541428,61.74172974,0.028194442,18876.68164,0.998698473,40.13212398,17.56630325,15.76799965
9/27/25 11:00:00.000,1.863339424,2.025997162,22.78627968,0.599640183,52.93848801,61.7206955,0.028184034,18889.84766,0.998701394,40.11845216,17.55028534,15.77700043
9/27/25 11:10:00.000,1.877311707,1.896995902,21.33432198,0.561508466,52.9411087,61.71753311,0.028182546,18888.91211,0.998700619,40.1163958,17.55481339,15.79500008
9/27/25 11:20:00.000,1.832170486,1.863495827,20.96432686,0.551747984,52.99100876,61.75575638,0.028201289,18871.125,0.998697937,40.14123976,17.56932068,15.76799965
9/27/25 11:30:00.000,1.824666858,1.920426607,21.604599,0.568601533,53.02742767,61.79851151,0.028222082,18858.16602,0.998697937,40.16903043,17.56908989,15.75899982
9/27/25 11:40:00.000,1.789033532,1.965083122,22.1000042,0.581839136,53.04437256,61.81632614,0.028230736,18852.14063,0.998697698,40.18061236,17.57049751,15.77700043
9/27/25 11:50:00.000,2.089351416,1.973658681,22.1954422,0.584333833,53.06160736,61.84185028,0.028243106,18846.01758,0.998698473,40.19720107,17.56654358,15.76799965
9/27/25 12:00:00.000,1.725643158,1.961187124,22.05209923,0.580628522,53.05015182,61.8299942,0.028237332,18850.08789,0.998698592,40.18949717,17.56546021,15.78600025
9/27/25 12:10:00.000,1.839182258,1.943071485,21.84256935,0.575237263,53.10374069,61.89593124,0.028269356,18831.06445,0.998699248,40.23235664,17.56293488,15.77700043
9/27/25 12:20:00.000,1.891803741,1.929191232,21.68535995,0.571103937,53.13943863,61.94052505,0.028290993,18818.41406,0.998699605,40.26134312,17.56077003,15.76799965
9/27/25 12:30:00.000,2.099509954,1.899953961,21.35542488,0.562359517,53.13172913,61.94283295,0.028292036,18821.14453,0.998700976,40.26284069,17.55257988,15.75899982
9/27/25 12:40:00.000,2.129820108,1.796620846,20.18575478,0.531589626,53.09877014,61.92911911,0.028285163,18832.82813,0.998704314,40.25392607,17.53465652,15.77700043
9/27/25 12:50:00.000,5.79497385,1.640486479,18.42676735,0.485395658,53.17282104,62.01509857,0.028326949,18806.59961,0.998704195,40.3098166,17.53493881,15.76799965
9/27/25 13:00:00.000,4.528057098,1.527807832,17.16748428,0.452227,53.19956589,62.01915359,0.028329147,18797.14648,0.998700619,40.31244665,17.55457878,15.77700043
9/27/25 13:10:00.000,7.802417755,1.622962117,18.24240303,0.480459485,53.24655533,62.06404877,0.02835105,18780.55664,0.998699427,40.34163058,17.56173134,15.78600025
9/27/25 13:20:00.000,1.678730011,1.836211324,20.64057732,0.543662165,53.27670288,62.08968353,0.028363593,18769.92969,0.998698175,40.3582938,17.56861115,15.77700043
9/27/25 13:30:00.000,1.873546124,1.987353444,22.33649635,0.588348066,53.2709465,62.09079742,0.02836407,18771.95898,0.998699307,40.35901651,17.56295204,15.77700043
9/27/25 13:40:00.000,2.046284914,2.1723423,24.40663338,0.642904763,53.21372986,62.04710388,0.028342633,18792.14258,0.998702288,40.33061862,17.54630089,15.75899982
9/27/25 13:50:00.000,1.840461731,2.431684971,27.30593681,0.719362565,53.18605804,62.04404449,0.028340915,18801.91992,0.998706043,40.32862931,17.52516365,15.78600025
9/27/25 14:00:00.000,2.003618479,2.453650236,27.55183411,0.725772947,53.11684036,61.97190094,0.028305776,18826.42188,0.998707116,40.28173536,17.51893616,15.76799965
9/27/25 14:10:00.000,11.96078491,2.401062727,26.96134186,0.710154612,53.1512413,62.01834488,0.028328296,18814.23633,0.998707831,40.31192511,17.51437187,15.76799965
9/27/25 14:20:00.000,1.941776276,2.314650536,25.99423409,0.684709962,53.15473938,62.01062393,0.028324636,18812.99805,0.998706341,40.30690715,17.52291298,15.76799965
9/27/25 14:30:00.000,1.825495124,2.256581068,25.33272362,0.66743961,53.13500977,61.99745941,0.028318167,18819.98242,0.998707652,40.29835016,17.5157814,15.76799965
9/27/25 14:40:00.000,1.744486451,2.188110113,24.56344223,0.647151501,53.10348129,61.96467209,0.02830218,18831.15625,0.998708129,40.27703777,17.51288414,15.79500008
9/27/25 14:50:00.000,1.6680969,2.100878716,23.58616257,0.621387969,53.12391663,61.98437881,0.028311806,18823.91406,0.998707712,40.28984532,17.51587677,15.76799965
9/27/25 15:00:00.000,1.759650588,1.997284412,22.4249649,0.590810491,53.13998795,61.99551773,0.028317276,18818.2207,0.998706579,40.29708728,17.52138901,15.77700043
9/27/25 15:10:00.000,1.96612823,1.899332762,21.31969261,0.561716886,53.15066147,62.02298355,0.028330501,18814.44141,0.998708606,40.31493887,17.51052666,15.8039999
9/27/25 15:20:00.000,1.677684188,1.786706924,20.05765343,0.528359024,53.15433502,62.03399277,0.028335804,18813.14063,0.998709559,40.32209516,17.50566483,15.77700043
9/27/25 15:30:00.000,1.786764145,1.715318561,19.26042747,0.507319519,53.12047195,61.98451614,0.028311836,18825.13477,0.998708129,40.28993472,17.51286888,15.77700043
9/27/25 15:40:00.000,1.749129891,1.717978716,19.29677963,0.5081837,53.20923615,62.07715988,0.028356947,18793.73047,0.998706877,40.35015404,17.52077293,15.77700043
9/27/25 15:50:00.000,1.777215362,1.887879968,21.2082119,0.558578009,53.2144165,62.0656662,0.028351516,18791.90039,0.998704553,40.34268484,17.5334549,15.76799965
9/27/25 16:00:00.000,1.99142611,2.231594801,25.06954765,0.660290777,53.22599411,62.07758331,0.028357325,18787.8125,0.998704374,40.35042971,17.5345993,15.78600025
9/27/25 16:10:00.000,2.08032012,2.578508854,28.95446396,0.762560279,53.18328094,62.06288528,0.028349878,18802.90234,0.998708785,40.34087434,17.50919724,15.78600025
9/27/25 16:20:00.000,1.982428193,2.833786964,31.81872177,0.838003974,53.17740631,62.06042099,0.028348655,18804.97852,0.99870944,40.33927247,17.5060215,15.77700043
9/27/25 16:30:00.000,1.850012183,2.757471561,30.961586,0.815462451,53.10874176,61.97800827,0.028308615,18829.29102,0.998709023,40.28570652,17.50767517,15.76799965
9/27/25 16:40:00.000,1.979019523,2.672235966,30.01063538,0.79039348,53.18846893,62.05856323,0.028347868,18801.06836,0.998707533,40.3380692,17.51669884,15.76799965
9/27/25 16:50:00.000,1.777911067,2.646766663,29.73306847,0.782981605,53.14461517,61.99646759,0.028317785,18816.58203,0.998706043,40.29770568,17.52460861,15.79500008
9/27/25 17:00:00.000,1.719619155,2.658803701,29.87479591,0.786628716,53.15117645,61.99628067,0.028317751,18814.25977,0.99870497,40.29758275,17.53028679,15.77700043
9/27/25 17:10:00.000,1.763382912,2.646194458,29.73414803,0.782926651,53.20779419,62.05966187,0.028348576,18794.23828,0.998704672,40.33878073,17.53220749,15.79500008
9/27/25 17:20:00.000,1.736117721,2.625612736,29.50510597,0.776853739,53.19205093,62.03983688,0.028338965,18799.80078,0.998704612,40.32589495,17.53326607,15.77700043
9/27/25 17:30:00.000,1.753086925,2.649204493,29.77711105,0.783904835,53.2185936,62.0644455,0.028350972,18790.42578,0.998703778,40.34189135,17.53786087,15.76799965
9/27/25 17:40:00.000,1.723475933,2.668754578,30.00072861,0.789701205,53.22457886,62.07029343,0.028353818,18788.3125,0.998703659,40.34569114,17.53867912,15.77700043
9/27/25 17:50:00.000,2.347317457,2.662703276,29.93773842,0.787916487,53.22633743,62.0718689,0.028354593,18787.69141,0.998703539,40.3467156,17.53902245,15.76799965
9/27/25 18:00:00.000,2.426662445,2.623267889,29.49390602,0.776106289,53.22961807,62.08862686,0.028362632,18786.5332,0.998705208,40.35760835,17.52967072,15.77700043
9/27/25 18:10:00.000,2.226383924,2.598220348,29.21400261,0.768646985,53.21483994,62.07582092,0.028356366,18791.75,0.998705745,40.34928232,17.52646637,15.77700043
9/27/25 18:20:00.000,2.281226158,2.523940325,28.38681984,0.746734078,53.21160889,62.06624603,0.028351765,18792.89258,0.998705029,40.34306109,17.53066444,15.77700043
9/27/25 18:30:00.000,2.103186369,2.486861944,27.97325706,0.735869534,53.22395325,62.07048416,0.028353905,18788.5332,0.998703718,40.34581408,17.53801346,15.77700043
9/27/25 18:40:00.000,2.168806791,2.536707878,28.53838539,0.750677572,53.20699692,62.04509354,0.028341608,18794.52148,0.998702943,40.32931104,17.54207611,15.77700043
9/27/25 18:50:00.000,2.242588997,2.637145758,29.67521286,0.780485065,53.18244553,62.00870132,0.028323991,18803.19727,0.99870193,40.30565545,17.54769707,15.78600025
9/27/25 19:00:00.000,2.21500206,2.754827738,31.00917625,0.815415242,53.19945145,62.01964188,0.028329384,18797.18555,0.998700738,40.31277075,17.55413055,15.78600025
9/27/25 19:10:00.000,3.14845252,2.809797764,31.63396263,0.83170859,53.20327377,62.02226639,0.028330665,18795.83594,0.9987005,40.31447321,17.55545807,15.79500008
9/27/25 19:20:00.000,2.827669144,2.88487792,32.48156357,0.853823315,53.18853378,62.0140419,0.028326599,18801.04492,0.998701632,40.30912742,17.54897118,15.78600025
9/27/25 19:30:00.000,2.273862362,2.970033884,33.44467163,0.879099858,53.17123413,61.98801041,0.028313989,18807.16211,0.998700857,40.29220715,17.55321693,15.8039999
9/27/25 19:40:00.000,2.604466677,3.004335165,33.83955383,0.889423933,53.20156479,62.0096817,0.028324643,18796.43945,0.998699129,40.3062962,17.56312752,15.77700043
9/27/25 19:50:00.000,2.421423197,3.056433201,34.41874695,0.904844654,53.19513321,62.00234604,0.02832108,18798.71289,0.998699129,40.30152783,17.56301117,15.77700043
9/27/25 20:00:00.000,2.769120216,3.101425886,34.92367935,0.918010854,53.15181732,61.96379089,0.02830223,18814.03125,0.998700678,40.27646407,17.55436325,15.76799965
9/27/25 20:10:00.000,2.661565542,3.13896203,35.34763336,0.929121401,53.12944794,61.93761063,0.028289514,18821.95313,0.998700678,40.25944695,17.55443764,15.77700043
9/27/25 20:20:00.000,3.140585661,3.120139599,35.14039612,0.923627241,53.08557892,61.88063812,0.02826187,18837.50781,0.998699963,40.22241384,17.55867004,15.77700043
9/27/25 20:30:00.000,2.431796312,3.057215929,34.44754028,0.905320653,53.08284378,61.85230255,0.028248301,18838.47852,0.998696506,40.203996,17.576931,15.79500008
9/27/25 20:40:00.000,2.988142967,2.994628906,33.75022507,0.886933884,53.08007431,61.83729935,0.028241109,18839.46094,0.998695076,40.19424692,17.58548737,15.78600025
9/27/25 20:50:00.000,2.903445244,2.938635111,33.11486816,0.870271937,53.03907013,61.79587173,0.028220924,18854.02539,0.99869591,40.16731679,17.5808773,15.78600025
9/27/25 21:00:00.000,3.010541201,2.897388697,32.64243317,0.857933959,53.03672409,61.8032608,0.028224424,18854.85938,0.998697162,40.17212242,17.57351303,15.78600025
9/27/25 21:10:00.000,3.171344995,2.874521732,32.38854599,0.851246372,53.02287674,61.78026581,0.028213305,18859.7832,0.998696268,40.15717655,17.57850266,15.77700043
9/27/25 21:20:00.000,3.103420973,2.869092464,32.31559753,0.849560792,52.98979568,61.74817657,0.028197657,18871.55859,0.998697221,40.13631493,17.57380486,15.76799965
9/27/25 21:30:00.000,3.101978302,2.885197878,32.49459076,0.854318198,52.97472382,61.73155594,0.028189566,18876.92773,0.998697221,40.12551159,17.57312012,15.8039999
9/27/25 21:40:00.000,2.599393606,2.836834908,31.9483223,0.840039785,53.01703644,61.77732086,0.028211839,18861.86133,0.998696864,40.15526175,17.57569504,15.77700043
9/27/25 21:50:00.000,3.351158142,2.761877537,31.10104752,0.817845764,52.95428085,61.70396042,0.028176187,18884.21484,0.998696804,40.10757804,17.5758667,15.78600025
9/27/25 22:00:00.000,3.493992805,2.641107559,29.73630524,0.78195636,52.94885635,61.7091217,0.028178601,18886.14844,0.998698294,40.1109308,17.56750679,15.77700043
9/27/25 22:10:00.000,3.329493523,2.545194626,28.65439034,0.753646275,52.94238281,61.69348526,0.02817107,18888.45898,0.998697162,40.10076821,17.57339668,15.77700043
9/27/25 22:20:00.000,17.7037735,2.54402113,28.63975525,0.753334401,53.02985382,61.79203415,0.028218994,18857.30273,0.998696804,40.16482458,17.57585716,15.77700043
9/27/25 22:30:00.000,16.30155182,2.555923462,28.77141762,0.757019205,53.0772438,61.83229065,0.028238688,18840.4668,0.998694777,40.19098729,17.58673096,15.78600025
9/27/25 22:40:00.000,16.23467827,2.587557077,29.12459946,0.76641415,53.01654434,61.7591629,0.028203161,18862.03711,0.998694539,40.14345631,17.58848953,15.77700043
9/27/25 22:50:00.000,16.30333519,2.605022669,29.29686928,0.771522229,53.10361099,61.86660767,0.028255334,18831.11133,0.998695374,40.21329805,17.58411407,15.77700043
9/27/25 23:00:00.000,14.91440868,2.59316349,29.14797974,0.767851809,53.08312225,61.85728836,0.028250683,18838.37891,0.998697162,40.20724073,17.57354546,15.76799965
9/27/25 23:10:00.000,11.70451641,2.608533621,29.32192039,0.772560678,53.13940811,61.90843201,0.028275665,18818.42578,0.998695374,40.2404815,17.58402824,15.78600025
9/27/25 23:20:00.000,12.99795818,2.582953215,29.03877258,0.765483692,53.10406494,61.82084274,0.028233467,18830.94922,0.998689234,40.18355161,17.61776924,15.76799965
9/27/25 23:30:00.000,16.88455772,3.22141552,36.2508049,0.955451587,53.09819031,61.75813675,0.028203426,18833.0332,0.998681903,40.14278948,17.65845108,15.75899982
9/27/25 23:40:00.000,19.64091682,3.790920973,42.65635681,1.12424488,53.01458359,61.66827774,0.028159706,18862.73438,0.998682797,40.08438066,17.65306282,15.78600025
9/27/25 23:50:00.000,13.58249283,4.204246521,47.31764984,1.246764502,52.83940506,61.46778488,0.028062209,18925.26953,0.998683095,39.95406255,17.65066147,15.76799965
9/28/25 0:00:00.000,10.48596859,4.405832767,49.61700821,1.307471489,52.00627518,60.44918823,0.027567454,19228.44922,0.998676062,39.29197043,17.68745422,15.77700043
9/28/25 0:10:00.000,14.53110981,4.325238705,48.72718811,1.284020604,51.26434708,59.5617981,0.027136246,19506.73438,0.998672247,38.71516883,17.70637321,15.76799965
9/28/25 0:20:00.000,16.05847168,4.556085587,51.3396492,1.352979416,50.68505478,58.8671875,0.026798703,19729.68164,0.998669088,38.26367483,17.7228756,15.77700043
9/28/25 0:30:00.000,12.54280376,5.060810089,57.03715897,1.502928676,49.96260834,58.02507401,0.026389301,20014.96875,0.998668253,37.7162993,17.7252388,15.77700043
9/28/25 0:40:00.000,17.61250687,5.393248081,60.74581528,1.600636837,49.56373215,57.60377121,0.026184134,20176.04297,0.998674154,37.44245321,17.69241524,15.76799965
9/28/25 0:50:00.000,11.71615505,5.742215157,64.69071198,1.704710679,49.02862167,56.96233368,0.025872407,20396.25,0.998671055,37.02551872,17.70785332,15.76799965
9/28/25 1:00:00.000,14.10518932,5.911542416,66.53565216,1.753984992,48.70733261,56.62573624,0.025708469,20530.78906,0.998676181,36.80672869,17.67866135,15.75899982
9/28/25 1:10:00.000,14.35935307,6.065309048,68.26271057,1.799596484,47.97145081,55.77054977,0.025292642,20845.73242,0.998675942,36.25085577,17.67839622,15.76799965
9/28/25 1:20:00.000,12.95876026,6.346243858,71.4360733,1.882939412,47.5043869,55.22785568,0.025028756,21050.6875,0.998675883,35.89810804,17.67815018,15.75899982
9/28/25 1:30:00.000,3.300299406,6.580807209,74.05366516,1.952097976,47.17644119,54.860569,0.024850056,21197.02148,0.998677671,35.65937281,17.66667557,15.76799965
9/28/25 1:40:00.000,2.556262732,6.73416996,75.7838974,1.997616673,46.97611618,54.62679672,0.024736397,21287.41406,0.998677492,35.50741822,17.66734886,15.77700043
9/28/25 1:50:00.000,2.454237223,6.721061707,75.62883759,1.993602144,46.70694351,54.31765747,0.024586039,21410.09375,0.998677909,35.30647978,17.6641407,15.78600025
9/28/25 2:00:00.000,2.076426268,6.630346298,74.58307648,1.966353743,46.51568222,54.10590363,0.024483003,21498.12695,0.998679578,35.16883776,17.65525818,15.78600025
9/28/25 2:10:00.000,1.933439851,6.502898216,73.16456604,1.92883755,46.36871338,53.92595673,0.024395565,21566.26563,0.998678148,35.05187482,17.66276741,15.77700043
9/28/25 2:20:00.000,1.848351836,6.467132092,72.76186371,1.918041902,46.18745041,53.72107315,0.024295891,21650.90234,0.998678982,34.91869941,17.65780449,15.75899982
9/28/25 2:30:00.000,1.843637109,6.442807198,72.48239899,1.910566369,45.92094803,53.41945267,0.024149159,21776.55469,0.998680055,34.72264484,17.65076828,15.79500008
9/28/25 2:40:00.000,1.741595864,6.440581799,72.42913818,1.909626026,45.72800446,53.20387268,0.024044272,21868.4375,0.998681307,34.58251804,17.64326668,15.76799965
9/28/25 2:50:00.000,1.680802822,6.447813988,72.4956665,1.911503761,45.50930023,52.95784378,0.02392458,21973.53125,0.998682618,34.42259878,17.63610077,15.75899982
9/28/25 3:00:00.000,1.759704471,6.428759098,72.28717804,1.905761533,45.22341537,52.62817001,0.023764251,22112.43945,0.998682916,34.20831263,17.63353539,15.76799965
9/28/25 3:10:00.000,1.85283792,6.274648666,70.53968811,1.859695361,44.91352844,52.27968216,0.023594704,22265.00586,0.998684764,33.98179263,17.62308884,15.75899982
9/28/25 3:20:00.000,1.832683086,6.254154682,70.29556274,1.853257391,44.65765381,51.99354172,0.023455484,22392.57813,0.998686373,33.79580006,17.61296654,15.77700043
9/28/25 3:30:00.000,2.012913465,6.340951443,71.24906158,1.878814089,44.46371078,51.77287292,0.023348145,22490.25,0.998687088,33.65236893,17.60850906,15.75899982
9/28/25 3:40:00.000,1.881565213,6.372449398,71.5767746,1.887841468,44.3722229,51.67583084,0.023300888,22536.62109,0.998688579,33.58929232,17.60025787,15.76799965
9/28/25 3:50:00.000,1.729202271,6.341044426,71.20323181,1.878160541,44.25730133,51.55386734,0.023241494,22595.14258,0.998690367,33.51001441,17.58990288,15.79500008
9/28/25 4:00:00.000,1.781376719,6.298655987,70.7138443,1.865469012,44.20233536,51.49419785,0.023212453,22623.23828,0.998691022,33.47122669,17.58609772,15.76799965
9/28/25 4:10:00.000,1.595340371,6.288664341,70.58665466,1.862252757,44.08216095,51.36235809,0.023148285,22684.91406,0.998692393,33.38553384,17.57896042,15.76799965
9/28/25 4:20:00.000,1.520980239,6.284442902,70.52089691,1.860776445,44.00511551,51.2796936,0.023108041,22724.63086,0.998693347,33.33180025,17.57273293,15.79500008
9/28/25 4:30:00.000,1.63320446,6.302462101,70.68640137,1.865420918,44.01216507,51.30969238,0.023122465,22720.99023,0.998696864,33.35130215,17.55365562,15.75899982
9/28/25 4:40:00.000,1.49724102,6.317432404,70.84130859,1.869542552,43.93572617,51.23038101,0.023083828,22760.52148,0.998698354,33.29974785,17.54506683,15.75899982
9/28/25 4:50:00.000,1.459246993,6.287052631,70.48806763,1.860186629,43.87029648,51.16550827,0.023052203,22794.4668,0.998700261,33.25758129,17.53504562,15.77700043
9/28/25 5:00:00.000,1.466904283,6.251640797,70.07725525,1.849523608,43.8085022,51.09941101,0.023020014,22826.61914,0.998701036,33.21461752,17.52979469,15.75899982
9/28/25 5:10:00.000,1.592403531,6.159403801,69.03063202,1.821947106,43.84189224,51.14754105,0.023043349,22809.23438,0.998702526,33.24590251,17.52173805,15.78600025
9/28/25 5:20:00.000,1.615458846,6.17634201,69.20674133,1.826814346,43.81520081,51.12115097,0.023030484,22823.12891,0.998703241,33.22875127,17.51756859,15.78600025
9/28/25 5:30:00.000,1.515092731,6.229794502,69.78881073,1.842285743,43.76411057,51.07218933,0.023006594,22849.77344,0.99870497,33.19692239,17.50821495,15.76799965
9/28/25 5:40:00.000,1.651275516,6.297785282,70.53112793,1.862139455,43.7273407,51.03728867,0.022989564,22868.98828,0.998706102,33.1742391,17.50117493,15.76799965
9/28/25 5:50:00.000,1.3473171,6.335722446,70.95353699,1.873324429,43.76316071,51.08001328,0.023010328,22850.26953,0.998706341,33.20200741,17.50036812,15.77700043
9/28/25 6:00:00.000,1.314754963,6.344141483,71.04119873,1.875737838,43.67730713,50.98217773,0.022962745,22895.18359,0.998706698,33.13841298,17.49828148,15.77700043
9/28/25 6:10:00.000,1.361497879,6.328880787,70.86143494,1.87110679,43.69734955,51.00938797,0.02297595,22884.68359,0.998707354,33.15610439,17.49492645,15.79500008
9/28/25 6:20:00.000,1.283255339,6.335807323,70.92572021,1.872933185,43.76991272,51.10102081,0.023020441,22846.74414,0.998708367,33.21566433,17.48884583,15.78600025
9/28/25 6:30:00.000,1.272568226,6.43551445,72.01078796,1.901583396,43.85018539,51.22019196,0.023078192,22804.91992,0.99871242,33.29312801,17.46655846,15.76799965
9/28/25 6:40:00.000,1.271140456,6.626478195,74.14851379,1.957902166,43.79620361,51.16031647,0.023049057,22833.0293,0.998712897,33.25420618,17.46377373,15.8039999
9/28/25 6:50:00.000,1.218196034,6.692139149,74.88283539,1.977151309,43.84260941,51.21905518,0.023077575,22808.86133,0.998713672,33.29238668,17.45981407,15.75899982
9/28/25 7:00:00.000,1.236120105,6.718989372,75.17583466,1.985075917,43.78065491,51.14690399,0.023042496,22841.13867,0.998713732,33.245489,17.4596138,15.79500008
9/28/25 7:10:00.000,1.156716704,6.698970795,74.94457245,1.979145001,43.83970261,51.21647644,0.02307632,22810.37305,0.998713791,33.29070657,17.459095,15.75899982
9/28/25 7:20:00.000,1.212634087,6.655879021,74.4517746,1.966232033,43.86490631,51.25136185,0.02309324,22797.26758,0.998714626,33.31338614,17.45433807,15.78600025
9/28/25 7:30:00.000,1.233435988,6.697095394,74.90912628,1.978202888,43.90047836,51.29893494,0.023116322,22778.79492,0.998715639,33.34430978,17.44908714,15.75899982
9/28/25 7:40:00.000,1.151010156,6.801124096,76.07125854,2.008720654,43.93681335,51.34766006,0.023139965,22759.95703,0.998716593,33.37597847,17.44361877,15.75899982
9/28/25 7:50:00.000,1.227650285,6.788096428,75.90952301,2.004543844,43.95376587,51.37715912,0.023154225,22751.17969,0.998718083,33.39515626,17.43517303,15.77700043
9/28/25 8:00:00.000,1.276259899,6.751003742,75.48090363,1.993267993,43.98571396,51.42398071,0.02317692,22734.6543,0.998719573,33.42558816,17.42691803,15.75899982
9/28/25 8:10:00.000,1.274639964,6.629962444,74.11780548,1.957484957,44.00349426,51.44618225,0.023187701,22725.46875,0.998719871,33.44001994,17.42568588,15.76799965
9/28/25 8:20:00.000,1.328239799,6.536212444,73.05708313,1.929517801,44.02275467,51.47748947,0.023202855,22715.52539,0.998721242,33.46036747,17.41803741,15.76799965
9/28/25 8:30:00.000,1.340783119,6.508378983,72.74053192,1.921033325,44.04391861,51.51054001,0.023218855,22704.60938,0.998722494,33.48185122,17.41082382,15.78600025
9/28/25 8:40:00.000,1.283571959,6.506979942,72.71372986,1.920284178,44.01262665,51.48425674,0.023205994,22720.75195,0.998724043,33.46477076,17.40185738,15.75899982
9/28/25 8:50:00.000,1.276675105,6.434408188,71.88131714,1.898570139,44.03302383,51.51739883,0.023222037,22710.22852,0.998725533,33.48631039,17.39379311,15.76799965
9/28/25 9:00:00.000,1.434641838,6.311995983,70.48233795,1.861999599,44.1144371,51.62703705,0.023275228,22668.31641,0.998727858,33.55757147,17.38132286,15.76799965
9/28/25 9:10:00.000,1.733372808,6.179066658,68.977005,1.82232581,44.13244629,51.66301727,0.023292596,22659.06641,0.998730123,33.58096257,17.36841393,15.76799965
9/28/25 9:20:00.000,1.523622513,5.988678455,66.84116364,1.76591631,44.09158325,51.62400436,0.023273556,22680.06641,0.998731494,33.55560452,17.36077118,15.77700043
9/28/25 9:30:00.000,1.583981872,5.792269707,64.62905884,1.707609601,44.16129684,51.71917343,0.023319721,22644.26172,0.998733521,33.61746296,17.34906197,15.76799965
9/28/25 9:40:00.000,54.68338013,5.723357201,63.84523392,1.687068409,44.16388702,51.73012543,0.023324979,22642.93359,0.998734832,33.62458199,17.34221649,15.75899982
9/28/25 9:50:00.000,10.61391163,5.768019199,64.32241821,1.700023865,44.18845749,51.76626968,0.023342498,22630.34375,0.998736024,33.6480774,17.33585739,15.76799965
9/28/25 10:00:00.000,9.261773109,5.854367256,65.27729797,1.72527105,44.21656799,51.80621719,0.023361858,22615.95703,0.998736978,33.67404267,17.32980156,15.79500008
9/28/25 10:10:00.000,1.294121027,5.962350845,66.46849823,1.756973907,44.22184372,51.81644058,0.023366798,22613.25977,0.998737633,33.68068859,17.32631683,15.77700043
9/28/25 10:20:00.000,1.28326416,6.09358263,67.90415955,1.795355794,44.35393906,51.9807663,0.023446608,22545.91211,0.998739123,33.78750011,17.31811333,15.75899982
9/28/25 10:30:00.000,1.307895422,6.203220844,69.11074066,1.827439421,44.38457489,52.02380753,0.023467476,22530.34961,0.998740315,33.81547704,17.31198311,15.77700043
9/28/25 10:40:00.000,1.310255408,6.299057961,70.15748596,1.855453049,44.44695663,52.1041069,0.023506453,22498.72852,0.998741388,33.86766836,17.30583,15.76799965
9/28/25 10:50:00.000,4.949260235,6.491593361,72.28638458,1.911970097,44.51127243,52.18564224,0.023546049,22466.21875,0.998742342,33.92066807,17.30057335,15.75
9/28/25 11:00:00.000,1.180072427,6.601374149,73.48040771,1.943962109,44.54951859,52.24110413,0.023572925,22446.93164,0.998743951,33.9567177,17.29149246,15.75899982
9/28/25 11:10:00.000,1.422814012,6.718522072,74.76308441,1.97797481,44.59713745,52.31159592,0.023607071,22422.96289,0.998746276,34.00253877,17.27898979,15.75
9/28/25 11:20:00.000,1.477018356,6.794462681,75.58208466,1.999957498,44.67031479,52.40873337,0.023654195,22386.23047,0.998747945,34.06567499,17.2693634,15.77700043
9/28/25 11:30:00.000,1.266296387,6.763894081,75.2213974,1.990686255,44.7291069,52.48596954,0.023691677,22356.80664,0.998749197,34.11588073,17.26234436,15.76799965
9/28/25 11:40:00.000,1.387934327,6.739218235,74.93909454,1.983306173,44.76052475,52.52637482,0.02371129,22341.11523,0.998749793,34.14214402,17.25933456,15.76799965
9/28/25 11:50:00.000,1.463328719,6.735976219,74.88367462,1.982141145,44.82304764,52.6061821,0.023750037,22309.95117,0.998750865,34.19401869,17.25387573,15.77700043
9/28/25 12:00:00.000,1.190795064,6.744925499,74.96529388,1.984625072,44.83662033,52.62669373,0.023759969,22303.19727,0.998751462,34.20734778,17.24999046,15.75899982
9/28/25 12:10:00.000,1.663990021,6.753979206,75.04332733,1.987019892,44.83252335,52.63009644,0.02376155,22305.23633,0.998752773,34.2095606,17.24303055,15.77700043
9/28/25 12:20:00.000,2.259278059,6.731928349,74.77794647,1.980319323,44.82027054,52.62225723,0.023757689,22311.33398,0.998753667,34.20446813,17.23748779,15.75899982
9/28/25 12:30:00.000,4.831895351,6.665474892,74.02902222,1.960554422,44.84513855,52.65809631,0.023775049,22298.96094,0.998754621,34.22776237,17.23186111,15.77700043
9/28/25 12:40:00.000,4.576763153,6.581233978,73.08087921,1.935580607,44.89236069,52.71964264,0.023804916,22275.50586,0.998755574,34.26776826,17.22670364,15.75899982
9/28/25 12:50:00.000,4.044941425,6.504767418,72.21548462,1.912890966,44.91062927,52.74749756,0.023818402,22266.44336,0.998756588,34.2858769,17.2212944,15.77700043
9/28/25 13:00:00.000,40.83658981,6.368691921,70.695755,1.872844226,44.93009949,52.77130508,0.023829969,22256.79492,0.998756766,34.30134803,17.22050095,15.77700043
9/28/25 13:10:00.000,40.11397171,6.308861256,70.02419281,1.85517909,44.98197174,52.83459091,0.023860715,22231.12891,0.998757064,34.34248641,17.21850777,15.75899982
9/28/25 13:20:00.000,1.266696572,6.452528,71.60707855,1.897343739,45.02074432,52.88272858,0.023884103,22211.98242,0.998757482,34.37377512,17.21631813,15.75899982
9/28/25 13:30:00.000,34.0622139,6.475384235,71.85954285,1.90409196,45.04878998,52.91479111,0.023899693,22198.1543,0.998757362,34.3946144,17.217062,15.77700043
9/28/25 13:40:00.000,1.284849524,6.40587759,71.08358002,1.883716884,45.06241989,52.92881393,0.023906525,22191.43945,0.998757124,34.40373018,17.21873474,15.76799965
9/28/25 13:50:00.000,1.279309154,6.327189445,70.20153046,1.860551022,45.0891037,52.96100235,0.023922162,22178.30664,0.998757184,34.42465514,17.2180233,15.79500008
9/28/25 14:00:00.000,1.292042732,6.336174011,70.29437256,1.863257421,45.13703537,53.01527405,0.023948569,22154.75586,0.998756945,34.45992991,17.21972847,15.76799965
9/28/25 14:10:00.000,1.28302443,6.364202976,70.58903503,1.871269956,45.16674805,53.05755615,0.023969058,22140.18164,0.998758137,34.48741138,17.21352768,15.76799965
9/28/25 14:20:00.000,1.22026813,6.236867428,69.1782074,1.834004707,45.21930313,53.11348724,0.023996295,22114.44922,0.998757184,34.52376649,17.21839905,15.76799965
9/28/25 14:30:00.000,1.066004515,6.167570114,68.41529846,1.813777159,45.26673889,53.16422272,0.024021013,22091.27539,0.998756468,34.55674648,17.22257233,15.76799965
9/28/25 14:40:00.000,1.139898539,6.13816309,68.09524536,1.805346088,45.29132843,53.1856842,0.024031501,22079.28125,0.998755455,34.57069397,17.22879028,15.77700043
9/28/25 14:50:00.000,1.139602542,6.18863678,68.66279602,1.820584243,45.36337662,53.25721741,0.024066396,22044.21484,0.998753548,34.61719304,17.23973465,15.78600025
9/28/25 15:00:00.000,1.151359677,6.338250637,70.32662201,1.864854558,45.40600967,53.29883957,0.024086695,22023.51563,0.998752236,34.6442461,17.24678993,15.77700043
9/28/25 15:10:00.000,1.095390439,6.449343204,71.55249786,1.897569605,45.41489792,53.30832291,0.024091305,22019.20703,0.998752058,34.65041146,17.24758339,15.76799965
9/28/25 15:20:00.000,1.279163122,6.464128494,71.72524261,1.902192686,45.44537735,53.33526611,0.024104493,22004.4375,0.998750806,34.66792405,17.25497246,15.77700043
9/28/25 15:30:00.000,1.202813864,6.421013355,71.26541138,1.890141133,45.47603989,53.35059738,0.02411212,21989.60156,0.998747885,34.6778892,17.27224159,15.79500008
9/28/25 15:40:00.000,1.119076371,6.468810081,71.80291748,1.904588686,45.53627777,53.40921021,0.024140712,21960.51172,0.998746037,34.71598774,17.28231621,15.77700043
9/28/25 15:50:00.000,1.065311551,6.511744976,72.29335785,1.917584418,45.57577133,53.44417572,0.024157805,21941.48242,0.998744369,34.73871574,17.29179955,15.76799965
9/28/25 16:00:00.000,1.072020411,6.532221317,72.52993011,1.923723496,45.62049866,53.49314499,0.024181642,21919.9707,0.998743892,34.77054462,17.29470634,15.77700043
9/28/25 16:10:00.000,0.961136758,6.503430843,72.21392822,1.915232086,45.63557434,53.5112915,0.024190461,21912.73047,0.998743951,34.78233889,17.29431534,15.78600025
9/28/25 16:20:00.000,1.07047689,6.5383358,72.62410736,1.926176884,45.71549225,53.58363724,0.024225812,21874.42188,0.998740852,34.82936695,17.31211472,15.77700043
9/28/25 16:30:00.000,0.915373385,6.669953346,74.10032654,1.965251563,45.78911972,53.66065979,0.024263332,21839.25,0.998739481,34.87943113,17.31983948,15.78600025
9/28/25 16:40:00.000,0.964052737,6.752029419,75.03318024,1.989919405,45.84339142,53.70916367,0.024287039,21813.39453,0.998737276,34.91095454,17.33239555,15.78600025
9/28/25 16:50:00.000,1.047940373,6.814232826,75.76760101,2.00919053,45.89925766,53.74589157,0.024305131,21786.8457,0.998733163,34.93482992,17.35627937,15.78600025
9/28/25 17:00:00.000,1.056711793,6.891748428,76.65647125,2.032724916,45.94681168,53.7808342,0.024322294,21764.29492,0.998730063,34.95754302,17.37352371,15.77700043
9/28/25 17:10:00.000,1.008460641,6.973394394,77.58799744,2.057233871,45.96639252,53.7909317,0.024327302,21755.02539,0.998728156,34.96410698,17.3841877,15.78600025
9/28/25 17:20:00.000,1.100140929,7.010569096,78.01979828,2.068592781,45.985569,53.80173111,0.02433265,21745.95313,0.998726368,34.97112542,17.39386749,15.78600025
9/28/25 17:30:00.000,1.027500749,7.036769867,78.33214569,2.076793561,46.02080154,53.82883453,0.024345938,21729.30469,0.998724282,34.98874605,17.40560341,15.79500008
9/28/25 17:40:00.000,1.134957194,7.024694443,78.19254303,2.073044435,46.04970932,53.86833191,0.024365101,21715.66406,0.998725176,35.01441702,17.40087891,15.79500008
9/28/25 17:50:00.000,1.082109809,7.013907433,78.09104156,2.070388933,46.1117897,53.92514038,0.024392851,21686.42773,0.998722851,35.05133837,17.41400337,15.78600025
9/28/25 18:00:00.000,1.017699718,6.992524147,77.85760498,2.064176386,46.1423378,53.95789719,0.024408806,21672.07031,0.998722434,35.07263213,17.41646767,15.79500008
9/28/25 18:10:00.000,1.007502317,6.963355064,77.53762817,2.055591591,46.17687988,53.99744034,0.024428034,21655.85938,0.998722255,35.09833664,17.41716957,15.79500008
9/28/25 18:20:00.000,1.252668381,6.927445412,77.14151001,2.044899655,46.27468109,54.11459351,0.024484968,21610.08984,0.998722792,35.1744853,17.41486168,15.8039999
9/28/25 18:30:00.000,1.05407536,6.891844749,76.7671051,2.035143931,46.26377106,54.07899094,0.024467845,21615.18555,0.998719335,35.15134752,17.43377304,15.77700043
9/28/25 18:40:00.000,1.207919836,6.859318256,76.4074173,2.025591943,46.29754639,54.11674118,0.02448621,21599.41602,0.998719096,35.17588228,17.43520546,15.77700043
9/28/25 18:50:00.000,0.936915815,6.821516991,75.99019623,2.014434556,46.34728622,54.17469788,0.024514388,21576.23633,0.998719096,35.21355242,17.43535995,15.79500008
9/28/25 19:00:00.000,0.912556708,6.767652988,75.38299561,1.998354165,46.39210892,54.23255157,0.024542477,21555.39063,0.99871999,35.25115922,17.43084908,15.78600025
9/28/25 19:10:00.000,0.95481497,6.671174526,74.3297348,1.970311622,46.43873596,54.27294159,0.024562228,21533.74805,0.998717904,35.27741507,17.44249916,15.77700043
9/28/25 19:20:00.000,0.889204204,6.563715458,73.12384033,1.938283023,46.45281219,54.29880524,0.024574723,21527.22266,0.998719275,35.2942273,17.43473244,15.76799965
9/28/25 19:30:00.000,0.790947914,6.434978962,71.68026733,1.899885055,46.48799515,54.35247803,0.024600718,21510.92969,0.998721063,35.32911092,17.42439461,15.77700043
9/28/25 19:40:00.000,0.892561674,6.27522707,69.94226837,1.853297371,46.55844116,54.41531754,0.024631437,21478.38281,0.998718262,35.36995873,17.4404583,15.81299973
9/28/25 19:50:00.000,0.989685059,6.096815586,67.95557404,1.800697779,46.55960464,54.41350174,0.024630569,21477.8457,0.998717844,35.36877781,17.44307137,15.77700043
9/28/25 20:00:00.000,0.971308947,5.925255775,66.05413818,1.750144104,46.60416031,54.46150589,0.024653945,21457.3125,0.998717308,35.39998084,17.44641876,15.78600025
9/28/25 20:10:00.000,1.023740888,5.788145542,64.52050781,1.709743002,46.6714325,54.5365448,0.024690457,21426.38281,0.998716712,35.44875607,17.44935608,15.77700043
9/28/25 20:20:00.000,1.077898622,5.705621243,63.60791779,1.685685778,46.70117569,54.55934525,0.024701644,21412.73633,0.998715043,35.46357527,17.45917511,15.78600025
9/28/25 20:30:00.000,1.090715408,5.669316769,63.18814468,1.674908128,46.68292236,54.54006577,0.024692252,21421.10938,0.998715341,35.4510434,17.45749283,15.76799965
9/28/25 20:40:00.000,1.31237042,5.653593063,63.02424622,1.670486865,46.75728607,54.6184845,0.02473044,21387.04102,0.998714089,35.50201654,17.46443558,15.77700043
9/28/25 20:50:00.000,1.446707726,5.657011986,63.06029892,1.671492562,46.77276611,54.63670349,0.024739299,21379.96289,0.998714089,35.51385552,17.46432495,15.78600025
9/28/25 21:00:00.000,1.262076974,5.702982426,63.59053802,1.68532699,46.84435654,54.71099854,0.02477549,21347.28906,0.998712778,35.56215018,17.47197151,15.77700043
9/28/25 21:10:00.000,1.255314231,5.78609848,64.53485107,1.710239729,46.89044952,54.75196838,0.024795515,21326.30469,0.99871093,35.58878228,17.48250008,15.76799965
9/28/25 21:20:00.000,1.235388637,5.842730045,65.17645264,1.727028845,46.95004654,54.81971359,0.024828468,21299.23438,0.998710692,35.63281521,17.4840107,15.8039999
9/28/25 21:30:00.000,1.197790146,5.881216526,65.61342621,1.738672483,46.98966217,54.85632324,0.024846351,21281.27734,0.998709202,35.65660864,17.49189377,15.8039999
9/28/25 21:40:00.000,1.198241591,5.894207478,65.76003265,1.742556892,47.04241943,54.91638184,0.024875555,21257.41016,0.998709023,35.69564968,17.49314499,15.8039999
9/28/25 21:50:00.000,1.262208343,5.756435871,64.21599579,1.701698749,47.03053665,54.90716553,0.024871044,21262.78125,0.998709798,35.68965569,17.48933983,15.77700043
9/28/25 22:00:00.000,1.157098055,5.640852928,62.93630219,1.667767336,47.01197433,54.87659836,0.024856253,21271.17578,0.998708427,35.66978872,17.49661064,15.8039999
9/28/25 22:10:00.000,1.181656122,5.553332329,61.95265579,1.641773512,47.0237236,54.89480972,0.024865068,21265.86133,0.998709083,35.68162769,17.49293709,15.77700043
9/28/25 22:20:00.000,1.243876576,5.531553268,61.71499252,1.635647417,47.07847214,54.94667053,0.024890382,21241.13086,0.998707414,35.71533784,17.50277519,15.77700043
9/28/25 22:30:00.000,1.175861597,5.547354698,61.88641739,1.640495478,47.1363678,55.00746918,0.024920002,21215.04102,0.998706341,35.75485572,17.50829887,15.77700043
9/28/25 22:40:00.000,1.123726964,5.639360428,62.91891861,1.667831068,47.18321228,55.0573616,0.024944296,21193.97852,0.998705685,35.7872881,17.51218796,15.8039999
9/28/25 22:50:00.000,1.188968778,5.776890755,64.45635223,1.708564107,47.13493729,54.99874878,0.024915811,21215.68555,0.998705268,35.74918583,17.51405144,15.77700043
9/28/25 23:00:00.000,1.3541044,5.910479546,65.94738007,1.748057617,47.18485641,55.05767441,0.024944453,21193.24023,0.998705506,35.78748927,17.5134964,15.76799965
9/28/25 23:10:00.000,1.172044635,5.928578854,66.15744019,1.753430877,47.14524841,55.01066971,0.024921613,21211.04492,0.998705268,35.75693816,17.51413918,15.77700043
9/28/25 23:20:00.000,1.286331773,6.081212521,67.91881561,1.799986695,47.3255806,55.17137146,0.025000125,21130.2207,0.998698056,35.86139157,17.55457306,15.78600025
9/28/25 23:30:00.000,1.246928096,6.029286385,67.31729889,1.784206375,47.26228333,55.11212158,0.024971211,21158.52148,0.998700202,35.82287952,17.54272461,15.77700043
9/28/25 23:40:00.000,1.255999684,5.804812908,64.79689026,1.717437319,47.27095032,55.13484192,0.024982158,21154.64063,0.998702109,35.83764657,17.53245163,15.77700043
9/28/25 23:50:00.000,1.160320878,5.55730772,62.01529312,1.643933911,47.45209885,55.35689545,0.025090043,21073.88281,0.998703718,35.98197922,17.52371788,15.78600025
9/29/25 0:00:00.000,1.123034477,5.407330513,60.34141541,1.599626566,47.41893768,55.31592178,0.025070135,21088.62109,0.998703361,35.95535085,17.52557373,15.76799965
9/29/25 0:10:00.000,1.236602902,5.323790073,59.41336823,1.575040454,47.4473877,55.34396362,0.025083816,21075.97656,0.998702645,35.97357869,17.52974892,15.78600025
9/29/25 0:20:00.000,1.069464564,5.29764843,59.11003113,1.567104339,47.40665054,55.30464935,0.025064634,21094.08594,0.998703778,35.9480232,17.52309036,15.76799965
9/29/25 0:30:00.000,1.080369592,5.247386932,58.53043747,1.552138225,47.42895126,55.33463287,0.025079174,21084.16797,0.998704493,35.96751019,17.51987457,15.79500008
9/29/25 0:40:00.000,1.114628434,5.178460598,57.74431229,1.531598655,47.44317245,55.35746002,0.025090229,21077.84766,0.998705387,35.98235175,17.51481628,15.76799965
9/29/25 0:50:00.000,1.177731633,5.068662643,56.51340103,1.499071264,47.49532318,55.42064667,0.025120929,21054.70508,0.998705685,36.02341935,17.51292419,15.76799965
9/29/25 1:00:00.000,1.576228142,4.95361042,55.22224808,1.464998076,47.54299927,55.47832489,0.025148952,21033.5918,0.998705983,36.06091067,17.51127243,15.78600025
9/29/25 1:10:00.000,1.25807786,4.858611584,54.15097427,1.436772746,47.53129578,55.47037125,0.025145043,21038.76953,0.998706877,36.05574369,17.50666046,15.77700043
9/29/25 1:20:00.000,2.458203077,4.712783813,52.51012421,1.393485999,47.5652771,55.51751328,0.025167905,21023.74023,0.99870801,36.08638421,17.50061226,15.76799965
9/29/25 1:30:00.000,1.317819238,4.588898182,51.11862183,1.356677054,47.68405151,55.66453171,0.025239315,20971.37305,0.998709142,36.18194908,17.49385452,15.76799965
9/29/25 1:40:00.000,2.822807074,4.416519165,49.19540405,1.30550804,47.68577194,55.67662048,0.025245115,20970.61523,0.998710692,36.18980199,17.48573303,15.77700043
9/29/25 1:50:00.000,1.166113853,4.275988102,47.61673737,1.263848526,47.65987778,55.65246582,0.025233323,20982.00977,0.998711467,36.17410362,17.48083305,15.77700043
9/29/25 2:00:00.000,1.258339047,4.169326782,46.42690659,1.232288549,47.72663116,55.73224258,0.025272092,20952.66211,0.998711944,36.22595593,17.4793644,15.75899982
9/29/25 2:10:00.000,1.208963633,4.096682072,45.60723495,1.21070581,47.74128342,55.75522614,0.025283221,20946.23242,0.998712659,36.24089435,17.47463799,15.77700043
9/29/25 2:20:00.000,1.364008307,4.079854488,45.40612793,1.205502427,47.78790283,55.82190323,0.025315547,20925.79883,0.998714507,36.2842381,17.46481514,15.8039999
9/29/25 2:30:00.000,15.62360668,4.125607014,45.91511917,1.218930932,47.82684708,55.87215805,0.025339935,20908.75781,0.998715222,36.31690517,17.46099472,15.79500008
9/29/25 2:40:00.000,1.369466186,4.33742857,48.26521683,1.281360971,47.93842697,56.01018906,0.025406981,20860.0918,0.998716414,36.40662134,17.45484734,15.76799965
9/29/25 2:50:00.000,1.080852389,4.548653603,50.60785675,1.343635737,48.1986618,56.32043457,0.025557764,20747.46484,0.998717248,36.60828248,17.44992065,15.76799965
9/29/25 3:00:00.000,1.007185817,4.631332874,51.51628494,1.367939186,47.9811058,56.07164001,0.025436766,20841.53711,0.998718023,36.4465639,17.44558716,15.77700043
9/29/25 3:10:00.000,1.088216424,4.631578445,51.50688553,1.367696945,47.93759537,56.03573608,0.025419187,20860.45313,0.998720169,36.42322868,17.43364334,15.76799965
9/29/25 3:20:00.000,1.052724957,4.539493561,50.48691559,1.340578517,48.03545761,56.14648438,0.025473058,20817.95508,0.998719692,36.49521247,17.43655205,15.77700043
9/29/25 3:30:00.000,1.098470688,4.548583508,50.584095,1.343208349,47.98218918,56.08680344,0.025444016,20841.06641,0.99872005,36.45642102,17.4344883,15.77700043
9/29/25 3:40:00.000,1.121920109,4.764160633,52.97886276,1.40671335,48.03985977,56.16144943,0.025480254,20816.04688,0.998721063,36.50494292,17.42871857,15.77700043
9/29/25 3:50:00.000,1.038148761,4.899038315,54.46899033,1.446267346,48.00057983,56.1276207,0.025463713,20833.08203,0.998722792,36.48295254,17.41906929,15.77700043
9/29/25 4:00:00.000,0.946097672,5.012583256,55.73359299,1.479764733,48.02124786,56.15271378,0.025475904,20824.11523,0.998722911,36.49926558,17.41833115,15.75899982
9/29/25 4:10:00.000,1.10656333,5.177035809,57.55723572,1.528113309,48.04776001,56.19212723,0.025494989,20812.625,0.998724043,36.52488068,17.41163063,15.77700043
4/17/26 15:28:00.000,48.3192482,7.942473888,83.08734131,2.203809759,32.6291008,40.97216797,0.018064799,30647.48828,0.999212742,26.63191035,14.33886433,15.78600025
4/17/26 15:30:00.000,48.47825241,7.947255611,83.14582062,2.205205963,32.63678741,40.98032761,0.01806877,30640.27148,0.999212563,26.6372133,14.34038353,15.76799965
4/17/26 15:40:00.000,48.69290543,7.958094597,83.30830383,2.208976923,32.63600159,40.96300888,0.01806064,30641.00781,0.999210119,26.62595734,14.35700798,15.77700043
4/17/26 15:50:00.000,47.30909729,7.97334528,83.5133667,2.214352839,32.63053894,40.93171692,0.018045863,30646.13867,0.999206543,26.60561725,14.38190842,15.76799965
4/17/26 16:00:00.000,47.81259155,7.967964172,83.49715424,2.213728796,32.6416893,40.92716599,0.018043946,30635.66992,0.999203801,26.60265937,14.4008131,15.8039999
4/17/26 16:10:00.000,47.22601318,7.973626614,83.60764313,2.216606328,32.65774918,40.9194603,0.018040646,30620.60352,0.999199629,26.59765072,14.42922401,15.77700043
4/17/26 16:20:00.000,47.34637451,7.977609634,83.6798172,2.218413544,32.6845932,40.93815994,0.018049931,30595.45508,0.999197483,26.60980262,14.44447231,15.79500008
4/17/26 16:30:00.000,47.28121567,7.95275116,83.47784424,2.213259363,32.73315048,40.96144104,0.018061785,30550.06836,0.999192059,26.62493661,14.4827795,15.77700043
4/17/26 16:40:00.000,46.0112648,7.961686134,83.63350677,2.217279202,32.74663544,40.9455986,0.018054608,30537.48828,0.999187112,26.61463805,14.5162096,15.77700043
4/17/26 16:50:00.000,46.16314316,7.910976887,83.1510849,2.204174595,32.7530098,40.93177795,0.018048245,30531.54492,0.999183953,26.60565451,14.53850079,15.78600025
4/17/26 17:00:00.000,46.24386215,7.873438358,82.83716583,2.195695725,32.75284195,40.88895416,0.01802814,30531.70117,0.999177635,26.577821,14.5821619,15.77700043
4/17/26 17:10:00.000,46.07574081,7.911612034,83.33485413,2.208504244,32.7676506,40.86114502,0.018015355,30517.9043,0.999170661,26.55974589,14.62967777,15.81299973
4/17/26 17:20:00.000,46.11785507,7.875957489,83.05776215,2.200797535,32.79242325,40.84394455,0.018007729,30494.84961,0.999163389,26.54856443,14.67911339,15.77700043
4/17/26 17:30:00.000,45.96649551,7.892306805,83.30876923,2.207329037,32.8139801,40.82884979,0.018001027,30474.81641,0.999157071,26.53875202,14.72229767,15.77700043
4/17/26 17:40:00.000,46.09682846,7.877398968,83.22940063,2.205244025,32.84735489,40.82581329,0.018000197,30443.85156,0.999150217,26.53677948,14.76823044,15.77700043
4/17/26 17:50:00.000,45.85917282,7.847255707,83.0044632,2.198881738,32.89489746,40.84041214,0.01800791,30399.85156,0.999143422,26.54626779,14.81411743,15.77700043
4/17/26 18:00:00.000,46.08679581,7.844359398,83.0372467,2.199699927,32.93547058,40.85585785,0.018015895,30362.40234,0.999138117,26.55630745,14.85017014,15.77700043
4/17/26 18:10:00.000,46.15215683,7.836173534,83.03528595,2.199172663,32.94875717,40.83444595,0.018006051,30350.1582,0.999132216,26.54238977,14.88933468,15.79500008
4/17/26 18:20:00.000,46.31535721,7.79445219,82.64060211,2.188669415,33.01478577,40.8902359,0.01803345,30289.45898,0.999128282,26.5786536,14.91624069,15.77700043
4/17/26 18:30:00.000,46.25911331,7.755893707,82.28036499,2.178953523,33.05479813,40.91578674,0.018046169,30252.79492,0.999124467,26.59526281,14.94104385,15.77700043
4/17/26 18:40:00.000,46.32838058,7.74382925,82.20040894,2.176945374,33.08735657,40.9261322,0.018051596,30223.02539,0.999119878,26.6019851,14.97200394,15.79500008
4/17/26 18:50:00.000,46.14468002,7.749557495,82.3187561,2.179695441,33.1040535,40.92213821,0.018049996,30207.78125,0.999115944,26.59938857,14.9974966,15.78600025
4/17/26 19:00:00.000,46.40017319,7.750916481,82.39917755,2.181438335,33.12678528,40.9208107,0.01804975,30187.05273,0.999111414,26.59852803,15.02795506,15.77700043
4/17/26 19:10:00.000,46.64117813,7.746692181,82.4018631,2.180987195,33.17193604,40.96058273,0.018069245,30145.96484,0.999108911,26.62437968,15.0445137,15.78600025
4/17/26 19:20:00.000,46.63682938,7.742702007,82.4031601,2.180571609,33.19196701,40.97002029,0.018074032,30127.77148,0.999106526,26.63051337,15.06034279,15.77700043
4/17/26 19:30:00.000,46.53706741,7.753808975,82.56635284,2.18458245,33.21922302,40.98453522,0.018081324,30103.05273,0.999103487,26.63994767,15.08013821,15.77700043
4/17/26 19:40:00.000,46.72277451,7.747146606,82.53957367,2.183711593,33.25496674,41.0069046,0.018092457,30070.69531,0.999100089,26.65448934,15.10262775,15.78600025
4/17/26 19:50:00.000,46.68477249,7.752645969,82.61901093,2.185692007,33.26383591,41.00851059,0.018093362,30062.67773,0.999098659,26.65553242,15.11228848,15.77700043
4/17/26 20:00:00.000,46.74441528,7.725972652,82.34401703,2.178320629,33.2890892,41.03640366,0.018106923,30039.87305,0.999098182,26.67366341,15.11564064,15.77700043
4/17/26 20:10:00.000,46.91723633,7.716026306,82.20880127,2.174613991,33.29679489,41.06554413,0.018120786,30032.91992,0.999101281,26.69260278,15.09532738,15.77700043
4/17/26 20:20:00.000,46.94396973,7.71403265,82.20197296,2.174175685,33.31380463,41.08385086,0.018129697,30017.58594,0.999100745,26.70450322,15.09808636,15.79500008
4/17/26 20:30:00.000,47.05086136,7.71410656,82.23441315,2.174889278,33.31131363,41.0656662,0.018121086,30019.83008,0.999098361,26.69268288,15.11370945,15.78600025
4/17/26 20:40:00.000,47.05160522,7.710781097,82.21207428,2.174202683,33.33860779,41.09378052,0.018134788,29995.25391,0.999097586,26.71095729,15.11942959,15.8039999
4/17/26 20:50:00.000,47.14054871,7.726714134,82.36699677,2.178126777,33.3534317,41.12446594,0.018149497,29981.92188,0.999099493,26.73090249,15.10660744,15.78600025
4/17/26 21:00:00.000,46.82621384,7.704548836,82.14118958,2.17185994,33.37653351,41.15339279,0.018163512,29961.16992,0.999099553,26.7497059,15.10615349,15.76799965
4/17/26 21:10:00.000,47.03081131,7.666745663,81.75021362,2.161232326,33.36903381,41.14356232,0.018158751,29967.9043,0.999099493,26.74331516,15.10675526,15.78600025
4/17/26 21:20:00.000,47.22253418,7.680547237,81.88388824,2.164939997,33.37460327,41.15440369,0.018163955,29962.90234,0.999100089,26.75036155,15.1026535,15.76799965
4/17/26 21:30:00.000,47.6825676,7.68131876,81.90125275,2.165344518,33.3911705,41.17070007,0.018171912,29948.03711,0.999099493,26.76095441,15.10691261,15.78600025
4/17/26 21:40:00.000,47.40035629,7.681667328,81.90467834,2.16562792,33.39693832,41.17383957,0.01817349,29942.86523,0.999098897,26.76299587,15.11101055,15.8039999
4/17/26 21:50:00.000,47.42720413,7.668166637,81.77106476,2.161882334,33.42257309,41.20407867,0.01818816,29919.89844,0.999098718,26.7826505,15.11241913,15.77700043
4/17/26 22:00:00.000,47.2064476,7.67172718,81.82098389,2.163042346,33.46027374,41.24712372,0.018209077,29886.1875,0.999098182,26.81062929,15.11595535,15.77700043
4/17/26 22:10:00.000,47.32453918,7.694275379,82.06378174,2.169516164,33.46557236,41.25107574,0.018211029,29881.45508,0.999097764,26.81319974,15.11860943,15.78600025
4/17/26 22:20:00.000,47.48316956,7.707491398,82.22132111,2.173376527,33.47268295,41.25692368,0.018213904,29875.10742,0.999097288,26.8170014,15.12161255,15.76799965
4/17/26 22:30:00.000,47.54269409,7.718688965,82.33299255,2.176381522,33.48963165,41.28110886,0.018225586,29859.98828,0.999097824,26.83272026,15.11821938,15.76799965
4/17/26 22:40:00.000,47.4826622,7.702032566,82.14890289,2.171518413,33.51383972,41.31464386,0.018241793,29838.41992,0.999098361,26.8545188,15.11442375,15.78600025
4/17/26 22:50:00.000,47.56814957,7.690988064,82.04501343,2.168309091,33.52733612,41.3334465,0.018250879,29826.4082,0.999098837,26.86674148,15.11219978,15.77700043
4/17/26 23:00:00.000,47.73907471,7.67109108,81.82206726,2.162344982,33.58879471,41.416996,0.018291274,29771.83398,0.999100029,26.92104876,15.10422134,15.74100018
4/17/26 23:10:00.000,47.65249634,7.668353558,81.7453537,2.160133539,33.61066437,41.47583771,0.01831937,29752.46094,0.999104977,26.95929445,15.07158661,15.79500008
4/17/26 23:20:00.000,47.79473877,7.670059204,81.74874878,2.160118343,33.63140869,41.51240921,0.01833695,29734.10938,0.999106765,26.98306553,15.06037235,15.77700043
4/17/26 23:30:00.000,47.70619202,7.659508228,81.62004089,2.156784803,33.63963318,41.53058243,0.018345652,29726.83984,0.999107957,26.99487843,15.05218124,15.78600025
4/17/26 23:40:00.000,47.86774063,7.666064262,81.69128418,2.158495536,33.62233353,41.51225662,0.018336728,29742.13477,0.999108374,26.98296681,15.04908085,15.76799965
4/17/26 23:50:00.000,47.97760391,7.675344467,81.77361298,2.160727191,33.63862991,41.54084396,0.018350471,29727.72656,0.999109745,27.00154856,15.04044151,15.76799965
4/18/26 0:00:00.000,48.08650208,7.665848732,81.65979767,2.157554751,33.64188004,41.55593491,0.018357633,29724.85547,0.999111474,27.01135725,15.02914143,15.76799965
4/18/26 0:10:00.000,48.09962463,7.682495594,81.82748413,2.161914643,33.6554184,41.57981491,0.01836911,29712.89844,0.999112546,27.02688053,15.02184486,15.76799965
4/18/26 0:20:00.000,48.05688477,7.680278778,81.77947235,2.160815412,33.64503098,41.5775032,0.018367846,29722.07031,0.999114156,27.02537738,15.01111984,15.73200035
4/18/26 0:30:00.000,48.25092697,7.679465771,81.74273682,2.160022745,33.64193726,41.58623886,0.018371912,29724.80469,0.999116063,27.03105472,14.99832439,15.75899982
4/18/26 0:40:00.000,48.37409592,7.68610096,81.77637482,2.161202083,33.64051819,41.5996666,0.018378209,29726.05859,0.999118447,27.03978308,14.98286724,15.75899982
4/18/26 0:50:00.000,57.58354187,7.666728497,81.55286407,2.155243874,33.63386154,41.60292053,0.018379627,29731.94141,0.999120235,27.04189718,14.97117996,15.75
4/18/26 1:00:00.000,52.06223679,7.64859724,81.33324432,2.149564788,33.61061096,41.58701706,0.018371737,29752.50977,0.999122143,27.03156136,14.95809555,15.75
4/18/26 1:10:00.000,49.8460083,7.717039108,82.03329468,2.168093848,33.57888794,41.56346893,0.018360103,29780.61719,0.999124527,27.016256,14.94210434,15.75899982
4/18/26 1:20:00.000,49.95253372,7.783731461,82.7082901,2.186186668,33.57157135,41.56851196,0.018362351,29787.10742,0.999126673,27.0195324,14.92776108,15.75
4/18/26 1:30:00.000,49.54777145,7.750980854,82.32972717,2.176221307,33.57153702,41.58527374,0.018370241,29787.13867,0.999129295,27.03042701,14.9106741,15.75899982
4/18/26 1:40:00.000,49.57342148,7.778584003,82.58303833,2.183183148,33.55528641,41.58244705,0.018368626,29801.56445,0.999131858,27.02859044,14.89308739,15.75899982
4/18/26 1:50:00.000,49.71014404,7.809415817,82.88278961,2.191007732,33.5525589,41.59721756,0.018375529,29803.98633,0.99913466,27.03819238,14.87465191,15.75
4/18/26 2:00:00.000,49.90395737,7.778541088,82.51239777,2.18134318,33.56940842,41.64014053,0.018396026,29789.02734,0.999137998,27.06609108,14.85230446,15.75899982
4/18/26 2:10:00.000,49.85176468,7.757282257,82.24432373,2.174499804,33.54990768,41.63542938,0.018393461,29806.3418,0.999140918,27.06302889,14.83255959,15.75
4/18/26 2:20:00.000,49.99301529,7.764900684,82.29046631,2.175791853,33.52465439,41.62270737,0.018387027,29828.79297,0.99914366,27.05475874,14.81368923,15.75
4/18/26 2:30:00.000,50.26565552,7.761063576,82.19603729,2.173824716,33.5302887,41.64945221,0.018399706,29823.78125,0.999146819,27.07214467,14.79369259,15.78600025
4/18/26 2:40:00.000,49.95880127,7.779872417,82.35045624,2.178319596,33.5366478,41.67430878,0.018411512,29818.12695,0.999149263,27.08829939,14.77654266,15.75899982
4/18/26 2:50:00.000,50.07012558,7.81427002,82.68191528,2.187112996,33.52956772,41.68400192,0.018415937,29824.42188,0.999152124,27.09460258,14.75785065,15.75
4/18/26 3:00:00.000,50.12638855,7.814957619,82.66156769,2.186532768,33.53025436,41.70183945,0.018424336,29823.8125,0.999154687,27.10619755,14.74069977,15.75899982
4/18/26 3:10:00.000,50.13766479,7.819020271,82.67537689,2.186861165,33.4989624,41.68070602,0.018413831,29851.66992,0.99915725,27.09246054,14.72273922,15.75
4/18/26 3:20:00.000,50.21584702,7.820981026,82.66955566,2.186613909,33.50268936,41.70273972,0.018424256,29848.34961,0.999159932,27.10678056,14.70518589,15.76799965
4/18/26 3:30:00.000,50.38808823,7.779023647,82.19037628,2.173994521,33.51261902,41.73481369,0.018439515,29839.50586,0.999162853,27.12762915,14.68531513,15.75899982
4/18/26 3:40:00.000,50.30449295,7.772475243,82.09213257,2.171309071,33.48569489,41.72021484,0.018432152,29863.49805,0.999165595,27.11814083,14.66623783,15.75
4/18/26 3:50:00.000,50.15518188,7.824996471,82.61466217,2.185083454,33.44083405,41.68409729,0.018414356,29903.56055,0.999168515,27.09466219,14.64630604,15.77700043
4/18/26 4:00:00.000,50.23675919,7.896838665,83.33201599,2.204380839,33.42848969,41.6853981,0.018414738,29914.60352,0.999170959,27.09550969,14.62949181,15.75899982
4/18/26 4:10:00.000,50.37117386,7.927129745,83.6025238,2.212087549,33.41947937,41.69037247,0.018416908,29922.66797,0.999173284,27.09874325,14.61316299,15.74100018
4/18/26 4:20:00.000,50.42062378,7.897686958,83.26715088,2.202936689,33.40785217,41.69630051,0.018419474,29933.08203,0.999176383,27.1025952,14.59259892,15.77700043
4/18/26 4:30:00.000,50.43417358,7.923197269,83.4861908,2.209163103,33.37863159,41.6791954,0.018410895,29959.28711,0.999179125,27.09147707,14.57310677,15.76799965
4/18/26 4:40:00.000,50.31944275,7.931495667,83.54859161,2.210584092,33.37163544,41.68983459,0.018415757,29965.56836,0.999182045,27.09839121,14.55362034,15.76799965
4/18/26 4:50:00.000,50.471241,7.915031433,83.33657074,2.205108447,33.37907791,41.71856689,0.018429382,29958.88672,0.999184847,27.11706795,14.53409767,15.75
4/18/26 5:00:00.000,52.3512001,7.945964813,83.63280487,2.212893641,33.37125778,41.72684097,0.018433115,29965.90625,0.999187529,27.12244727,14.51597786,15.73200035
4/18/26 5:10:00.000,50.50442886,7.947823524,83.60529327,2.212447222,33.34214783,41.7114296,0.018425323,29992.06836,0.999190629,27.11242996,14.49491215,15.75
4/18/26 5:20:00.000,49.25778198,7.983113766,83.94709015,2.221486108,33.32810211,41.71088409,0.0184248,30004.70898,0.999193072,27.11207606,14.47782516,15.75
4/18/26 5:30:00.000,49.50424576,7.97204113,83.7852478,2.217587536,33.31532669,41.71263123,0.018425373,30016.21484,0.999195695,27.11321041,14.46003914,15.78600025
4/18/26 5:40:00.000,49.15665054,7.99608326,84.01681519,2.223400134,33.32352448,41.74185562,0.018439233,30008.83008,0.999198377,27.13220753,14.44104576,15.76799965
4/18/26 5:50:00.000,49.17143631,7.978236198,83.80084991,2.217523066,33.33066559,41.77065659,0.018452886,30002.40039,0.999201298,27.15092711,14.42117691,15.74100018
4/18/26 6:00:00.000,49.06599426,7.982727051,83.81599426,2.217974944,33.33051682,41.78776932,0.018460901,30002.53516,0.999203682,27.16204897,14.40388298,15.75899982
4/18/26 6:10:00.000,48.78086472,8.005404472,84.02388,2.223554301,33.31205368,41.78030014,0.018457036,30019.16406,0.999206007,27.15719491,14.38821125,15.75
4/18/26 6:20:00.000,48.87625504,8.002876282,83.97898102,2.222144082,33.31333923,41.79727173,0.018465022,30018.00586,0.999208272,27.16822736,14.3728714,15.75899982
4/18/26 6:30:00.000,48.83633423,7.993876934,83.85649109,2.218782512,33.2838707,41.77909851,0.018455919,30044.58203,0.999210894,27.1564126,14.35409546,15.75899982
4/18/26 6:40:00.000,48.84341431,8.016845703,84.08435822,2.224414831,33.24914932,41.75153732,0.018442314,30075.95703,0.999213159,27.13849954,14.33808517,15.75
4/18/26 6:50:00.000,50.53089905,7.986546516,83.73390198,2.215167783,33.23948669,41.7576828,0.018444998,30084.70117,0.999215782,27.14249305,14.31983662,15.74100018
4/18/26 7:00:00.000,50.1158638,7.98158741,83.65428162,2.21296829,33.22850418,41.76190186,0.018446755,30094.64453,0.999218404,27.14523673,14.30185795,15.77700043
4/18/26 7:10:00.000,50.17447281,7.985457897,83.67014313,2.213043529,33.22100067,41.77416992,0.018452354,30101.44141,0.999221504,27.15321071,14.28021812,15.75
4/18/26 7:20:00.000,50.0221405,8.006883621,83.84462738,2.217997811,33.20822525,41.77952957,0.018454602,30113.02148,0.999224484,27.15669386,14.25886917,15.76799965
4/18/26 7:30:00.000,49.87583923,8.003093719,83.75812531,2.215827086,33.20114136,41.79492569,0.018461673,30119.44727,0.999227941,27.16670185,14.23466396,15.73200035
4/18/26 7:40:00.000,49.94494247,8.010297775,83.80669403,2.2168049,33.21738434,41.83758545,0.018481972,30104.71875,0.99923104,27.19443105,14.2125864,15.75
4/18/26 7:50:00.000,49.89483261,8.016841888,83.8317337,2.217619697,33.20425034,41.84276962,0.018484129,30116.62695,0.99923408,27.19780058,14.19100094,15.75899982
4/18/26 8:00:00.000,49.84658432,7.999655247,83.62133026,2.211989148,33.18487167,41.83741379,0.018481229,30134.21289,0.999236703,27.19431929,14.17206573,15.74100018
4/18/26 8:10:00.000,49.88108444,7.993055344,83.52453613,2.209364774,33.17124176,41.83772659,0.018481093,30146.5957,0.999239206,27.19452232,14.15470123,15.76799965
4/18/26 8:20:00.000,49.85380173,7.991584301,83.47940826,2.208065496,33.12981033,41.80505753,0.018464947,30184.29688,0.999241889,27.17328817,14.13525295,15.75899982
4/18/26 8:30:00.000,49.60067749,7.957890034,83.09152222,2.197832077,33.11549759,41.80731964,0.018465703,30197.3418,0.99924475,27.17475779,14.11508465,15.75
4/18/26 8:40:00.000,49.46520996,7.95968008,83.07208252,2.197354381,33.09070969,41.79727173,0.018460479,30219.96289,0.99924773,27.16822736,14.09400368,15.75
4/18/26 8:50:00.000,49.64630127,7.982044697,83.27263641,2.202604456,33.0742836,41.7968483,0.018459942,30234.9707,0.999250531,27.16795169,14.07384777,15.75
4/18/26 9:00:00.000,49.78352356,8.005204201,83.47673035,2.20811595,33.04509735,41.77913284,0.018451042,30261.67578,0.999253154,27.15643682,14.05484009,15.75
4/18/26 9:10:00.000,49.73207474,7.995475292,83.33787537,2.20455625,33.03816986,41.78952408,0.018455753,30268.01953,0.999255836,27.16319077,14.03586292,15.77700043
4/18/26 9:20:00.000,49.75072861,8.011878967,83.47187805,2.208106361,33.00689697,41.77131271,0.018446572,30296.69922,0.999258816,27.15135366,14.01471043,15.74100018
4/18/26 9:30:00.000,49.80498123,8.0125494,83.44824219,2.207372262,32.99732971,41.77931213,0.018450102,30305.48242,0.999261498,27.1565523,13.99480057,15.74100018
4/18/26 9:40:00.000,49.64606857,8.018398285,83.47065735,2.208125097,32.98145294,41.7779274,0.018449115,30320.07031,0.999264121,27.15565264,13.97627354,15.75
4/18/26 9:50:00.000,49.74373245,8.011343002,83.36830902,2.205253614,32.96736908,41.78045654,0.018449994,30333.02344,0.999266922,27.15729736,13.95612335,15.73200035
4/18/26 10:00:00.000,49.75918198,8.02933979,83.52106476,2.209217246,32.93606186,41.76234055,0.018440856,30361.85742,0.999269843,27.14552172,13.93479252,15.74100018
4/18/26 10:10:00.000,49.73565674,8.044382095,83.64052582,2.212447369,32.90831757,41.74693298,0.018433057,30387.45508,0.999272525,27.13550627,13.91523933,15.76799965
4/18/26 10:20:00.000,49.75381851,8.034471512,83.47952271,2.208739993,32.89376831,41.74999237,0.018434169,30400.89453,0.999275446,27.13749371,13.89396763,15.75899982
4/18/26 10:30:00.000,49.71888351,8.034255981,83.44013214,2.207628666,32.87825012,41.75323868,0.018435342,30415.24414,0.999278545,27.13960595,13.87130356,15.75
4/18/26 10:40:00.000,49.77404785,8.048152924,83.53524017,2.210306297,32.86434174,41.76054382,0.018438447,30428.11523,0.999282002,27.14435384,13.84665489,15.75
4/18/26 10:50:00.000,49.75276566,8.054735184,83.57523346,2.211016939,32.82971573,41.74046326,0.018428307,30460.20898,0.999285221,27.13130042,13.82304573,15.75899982
4/18/26 11:00:00.000,49.85574341,8.072598457,83.70587158,2.214814897,32.81830597,41.75003433,0.018432511,30470.79883,0.99928844,27.13752352,13.79929829,15.75
4/18/26 11:10:00.000,49.83737183,8.087739944,83.80644226,2.217807795,32.80827713,41.76259995,0.018438153,30480.11328,0.999291897,27.14569122,13.77434063,15.75
4/18/26 11:20:00.000,49.75927353,8.108809471,83.94849396,2.222145705,32.76343536,41.73674011,0.018425079,30521.83008,0.99929601,27.12888084,13.7435751,15.75899982
4/18/26 11:30:00.000,49.54946899,8.097704887,83.78887177,2.218009023,32.75630188,41.75142288,0.018431768,30528.47656,0.999299228,27.13842504,13.7201767,15.75
4/18/26 11:40:00.000,49.6688118,8.119497299,83.96235657,2.222409042,32.72973251,41.75168228,0.018431285,30553.25977,0.999303758,27.13859268,13.68660259,15.75899982
4/18/26 11:50:00.000,49.56003189,8.136273384,84.08839417,2.226033212,32.71051025,41.7481308,0.018429186,30571.21289,0.99930656,27.13628486,13.66598606,15.75
4/18/26 12:00:00.000,49.40914917,8.149018288,84.16758728,2.228145369,32.68170929,41.74114609,0.018425269,30598.1543,0.999310493,27.13174559,13.63672733,15.74100018
4/18/26 12:10:00.000,49.58417892,8.181419373,84.4623642,2.236270615,32.64794922,41.71385574,0.018411774,30629.79492,0.99931258,27.11400762,13.6211729,15.75899982
4/18/26 12:20:00.000,49.58958817,8.178675652,84.40950775,2.23496101,32.64099884,41.7170639,0.018413102,30636.31641,0.999314129,27.11609192,13.60929775,15.74100018
4/18/26 12:30:00.000,49.8138237,8.135632515,83.9397583,2.222578699,32.65164566,41.74409485,0.018425943,30626.32813,0.999315917,27.13366225,13.59612465,15.77700043
4/18/26 12:40:00.000,49.78120041,8.158333778,84.15563965,2.228104356,32.61968613,41.7178688,0.018412985,30656.33398,0.999317884,27.11661533,13.58176041,15.75
4/18/26 12:50:00.000,49.66065598,8.209251404,84.65772247,2.241453712,32.61180115,41.71981812,0.018413706,30663.74609,0.999319375,27.11788192,13.5699501,15.75899982
4/18/26 13:00:00.000,49.6737175,8.21784687,84.73394775,2.243332037,32.63392258,41.75822449,0.018432116,30642.96094,0.999320745,27.14284696,13.56004715,15.75899982
4/18/26 13:10:00.000,49.51330185,8.201712608,84.55151367,2.238569394,32.63330078,41.76520157,0.018435352,30643.54492,0.999321699,27.1473825,13.55243301,15.76799965
4/18/26 13:20:00.000,49.62503433,8.21909523,84.72588348,2.243139661,32.64242172,41.78065109,0.018442757,30634.98242,0.999322295,27.15742402,13.54873371,15.76799965
4/18/26 13:30:00.000,49.65692139,8.229754448,84.83698273,2.246091694,32.64031219,41.77697754,0.018441001,30636.96094,0.999322057,27.15503611,13.54968834,15.74100018
4/18/26 13:40:00.000,49.72300339,8.232626915,84.86299133,2.247035429,32.64957809,41.78542328,0.018445145,30628.26758,0.999321699,27.16052532,13.5530262,15.75899982
4/18/26 13:50:00.000,49.51892471,8.209673882,84.62419128,2.241013489,32.67116928,41.80780411,0.018456079,30608.02539,0.999320984,27.17507258,13.5581665,15.75
4/18/26 14:00:00.000,49.5557251,8.172268867,84.24321747,2.231202737,32.69148636,41.8251152,0.018464614,30589.00391,0.999319851,27.18632482,13.56666851,15.77700043
4/18/26 14:10:00.000,49.61022949,8.174436569,84.28082275,2.232274379,32.70140457,41.82743073,0.018465919,30579.72656,0.99931848,27.18782984,13.57681751,15.75899982
4/18/26 14:20:00.000,49.64071274,8.18039608,84.36825562,2.234419877,32.69543839,41.80859756,0.018457012,30585.30664,0.99931699,27.17558853,13.58778095,15.79500008
4/18/26 14:30:00.000,49.8894043,8.14074707,83.97828674,2.224405537,32.71957779,41.82170105,0.018463677,30562.74219,0.999314725,27.18410641,13.60517311,15.76799965
4/18/26 14:40:00.000,49.60426331,8.118700027,83.78952026,2.21944742,32.73991013,41.82436752,0.01846539,30543.76172,0.999311626,27.18584053,13.62801647,15.78600025
4/18/26 14:50:00.000,49.52096558,8.122633934,83.877388,2.221472978,32.75263977,41.81998825,0.018463651,30531.89063,0.999308884,27.18299255,13.64824486,15.76799965
4/18/26 15:00:00.000,49.81996155,8.092752457,83.61972809,2.214528102,32.7870636,41.83704376,0.018472385,30499.83398,0.999305367,27.19407715,13.67460346,15.78600025
4/18/26 15:10:00.000,50.16923523,8.065660477,83.40224457,2.208757549,32.79610443,41.81258392,0.018461188,30491.42578,0.999300599,27.17817947,13.70992947,15.76799965
4/18/26 15:20:00.000,50.95848083,8.035007477,83.17108917,2.202337283,32.79945755,41.77346802,0.018443026,30488.30859,0.999294877,27.15275437,13.75258636,15.76799965
4/18/26 15:30:00.000,50.00360107,8.018200874,83.04031372,2.198700278,32.81249619,41.76875305,0.01844112,30476.19336,0.999292016,27.14969032,13.77357101,15.78600025
4/18/26 15:40:00.000,49.86244583,7.990742683,82.79395294,2.192019035,32.82114792,41.76111984,0.018437753,30468.16016,0.999289453,27.14472823,13.79193497,15.78600025
4/18/26 15:50:00.000,50.05119705,7.948939323,82.42774963,2.181825301,32.83138275,41.74595642,0.018430905,30458.66211,0.999285698,27.13487111,13.8197155,15.76799965
4/18/26 16:00:00.000,51.52018356,7.953605175,82.53557587,2.18421186,32.84474564,41.73843384,0.018427689,30446.26953,0.9992823,27.12998167,13.84389973,15.77700043
4/18/26 16:10:00.000,50.20100021,7.979769707,82.87484741,2.192898744,32.87815094,41.74786377,0.018432828,30415.33594,0.99927789,27.13611163,13.87648582,15.78600025
4/18/26 16:20:00.000,50.37204361,7.987313271,83.03018188,2.196543716,32.95068741,41.80527115,0.018461226,30348.38086,0.999273181,27.17342786,13.91071129,15.76799965
4/18/26 16:30:00.000,50.2364502,7.948199272,82.70028687,2.18744036,33.004879,41.83744812,0.018477432,30298.55078,0.999268174,27.19434164,13.94678974,15.78600025
4/18/26 16:40:00.000,50.19178772,7.897544384,82.25912476,2.175279046,33.01634979,41.81249619,0.018466024,30288.02344,0.99926281,27.17812359,13.98579693,15.79500008
4/18/26 16:50:00.000,50.40646362,7.886963844,82.21691895,2.173783851,33.02046204,41.78610611,0.018453775,30284.25195,0.999258459,27.16097049,14.01706219,15.76799965
4/18/26 17:00:00.000,50.36019897,7.851888657,81.92961121,2.165784299,33.02886581,41.75948715,0.018441515,30276.54688,0.999253333,27.14366652,14.05396938,15.78600025
4/18/26 17:10:00.000,50.51349258,7.859780788,82.08835602,2.169813728,33.04568481,41.73957062,0.018432556,30261.13672,0.999247611,27.13072114,14.0948267,15.78600025
4/18/26 17:20:00.000,50.51890182,7.815460205,81.71178436,2.159433519,33.07873917,41.73984146,0.018433372,30230.89844,0.999241769,27.13089623,14.13601589,15.77700043
4/18/26 17:30:00.000,50.6869812,7.766409397,81.28295898,2.148066053,33.1145401,41.73591995,0.018432276,30198.21484,0.999234796,27.12834813,14.18482685,15.81299973
4/18/26 17:40:00.000,50.55548096,7.786201954,81.58834076,2.155899488,33.14355087,41.71976089,0.018425306,30171.7832,0.999227464,27.11784467,14.23732662,15.81299973
4/18/26 17:50:00.000,50.82374191,7.771921635,81.53482819,2.154321382,33.19818115,41.73527908,0.018433679,30122.13281,0.999219894,27.12793089,14.29039097,15.79500008
4/18/26 18:00:00.000,50.84825134,7.719907761,81.06560516,2.141740204,33.21683884,41.71735001,0.018425649,30105.21289,0.999214053,27.11627632,14.33170319,15.8039999
4/18/26 18:10:00.000,50.66654968,7.699447155,80.96562195,2.138398255,33.26499939,41.72526169,0.018430313,30061.62695,0.999206424,27.12142095,14.38423252,15.79500008
4/18/26 18:20:00.000,50.49298477,7.697049141,81.02001953,2.139792836,33.31014252,41.73534012,0.01843592,30020.88672,0.999199808,27.12797187,14.43078327,15.82199955
4/18/26 18:30:00.000,50.58759689,7.685049534,81.00326538,2.138598303,33.3527832,41.7405777,0.0184392,29982.50586,0.999192894,27.13137493,14.47902489,15.8039999
4/18/26 18:40:00.000,50.51502609,7.653358936,80.77109528,2.131859524,33.38555527,41.7345314,0.018436994,29953.07422,0.999185979,27.12744661,14.52620029,15.79500008
4/18/26 18:50:00.000,50.38064194,7.638135433,80.70856476,2.129578153,33.42649078,41.74131393,0.018440956,29916.39258,0.999179542,27.13185363,14.57073689,15.77700043
4/18/26 19:00:00.000,49.95645523,7.618130684,80.63063049,2.12677114,33.48745728,41.75456619,0.018448325,29861.92773,0.999170303,27.14046836,14.63387775,15.79500008
4/18/26 19:10:00.000,50.50152588,7.582589149,80.33937836,2.11867599,33.52662659,41.76186371,0.018452475,29827.03906,0.999164164,27.14521065,14.67564583,15.79500008
4/18/26 19:20:00.000,50.2419548,7.599690437,80.57467651,2.124563828,33.54321289,41.75741959,0.018450694,29812.29102,0.999160528,27.14232355,14.70091438,15.78600025
4/18/26 19:30:00.000,52.21809006,7.574993134,80.36850739,2.118752999,33.56487656,41.7593956,0.018452017,29793.04883,0.999156713,27.14360692,14.72608662,15.78600025
4/18/26 19:40:00.000,52.75104141,7.54646492,80.0960083,2.111475449,33.59268951,41.77801895,0.018461278,29768.38086,0.999154449,27.15571411,14.74218273,15.79500008
4/18/26 19:50:00.000,52.29928589,7.535439491,80.02990723,2.109256924,33.62990189,41.80443573,0.01847437,29735.44141,0.999151468,27.17288397,14.7621851,15.82199955
4/18/26 20:00:00.000,51.88824463,7.536249638,80.08486176,2.11042564,33.67560577,41.83978271,0.018491812,29695.08594,0.999148309,27.1958597,14.7837944,15.79500008
4/18/26 20:10:00.000,50.68614197,7.586230278,80.67742157,2.125719266,33.70395279,41.84552383,0.018495025,29670.11133,0.999143839,27.19959058,14.81347752,15.78600025
4/18/26 20:20:00.000,50.75915146,7.557884216,80.42836761,2.119035515,33.71467209,41.83014679,0.018487977,29660.67773,0.999139547,27.18959562,14.84239769,15.79500008
4/18/26 20:30:00.000,50.92793655,7.365195751,78.43005371,2.066104575,33.72132111,41.81283569,0.018479954,29654.82813,0.999135733,27.17834339,14.86819553,15.8039999
4/18/26 20:40:00.000,50.9082756,7.315452099,77.9367981,2.052954972,33.78223038,41.86947632,0.018507674,29601.36133,0.999132872,27.21516043,14.8872385,15.79500008
4/18/26 20:50:00.000,51.05579758,7.421056747,79.06183624,2.082325857,33.81824875,41.92027283,0.018532217,29569.83398,0.999133766,27.24817768,14.88103294,15.81299973
4/18/26 21:00:00.000,51.27373886,7.418179989,79.04324341,2.081636164,33.83666229,41.94039536,0.018542005,29553.74219,0.999133348,27.26125717,14.88375378,15.8039999
4/18/26 21:10:00.000,51.77632523,7.165936947,76.37949371,2.011117097,33.94581223,42.06927109,0.018604571,29458.71484,0.999132514,27.34502777,14.8901968,15.8039999
4/18/26 21:20:00.000,51.68164063,7.159205914,76.3393631,2.009869011,34.04912567,42.18184662,0.018659364,29369.33008,0.999130249,27.41819993,14.9056797,15.78600025
4/18/26 21:30:00.000,51.85437012,7.08336544,75.54418945,1.988969326,34.09728241,42.23194122,0.01868378,29327.84961,0.999128819,27.45076083,14.91525745,15.8039999
4/18/26 21:40:00.000,51.93130493,6.873526573,73.33374786,1.930510959,34.07732391,42.19554901,0.018666303,29345.02734,0.99912703,27.4271071,14.92694664,15.79500008
4/18/26 21:50:00.000,52.01640701,7.006257534,74.76560211,1.968290489,34.03326416,42.12862778,0.018634036,29383.01758,0.999125242,27.38360874,14.93936062,15.77700043
4/18/26 22:00:00.000,51.9980278,7.146465302,76.28139496,2.008081858,34.00806427,42.08764267,0.018614305,29404.79102,0.999123633,27.35696733,14.94919968,15.79500008
4/18/26 22:10:00.000,51.85175705,7.165700436,76.50515747,2.014010856,34.0103302,42.07778931,0.018609706,29402.83203,0.999121726,27.35056169,14.96192169,15.78600025
4/18/26 22:20:00.000,51.902668,6.945133686,74.17037964,1.952437733,34.02709198,42.08820724,0.018614901,29388.34766,0.999120235,27.35733613,14.97229958,15.8039999
4/18/26 22:30:00.000,51.93582153,7.048083782,75.28734589,1.981708741,34.06169891,42.12281799,0.01863179,29358.48828,0.999118984,27.37983316,14.98053455,15.77700043
4/18/26 22:40:00.000,51.88526535,7.204651356,76.98268127,2.026258326,34.11598969,42.17738342,0.018658422,29311.76953,0.999117136,27.41529979,14.99315262,15.78600025
4/18/26 22:50:00.000,51.90539551,7.034102917,75.1733017,1.978374463,34.16034698,42.23023224,0.018684072,29273.70703,0.999116838,27.44965069,14.99515057,15.77700043
4/18/26 23:00:00.000,52.02256393,6.585608482,70.38813019,1.852346112,34.25595093,42.34544373,0.01873997,29192.00781,0.999116421,27.5245402,14.99812984,15.78600025
4/18/26 23:10:00.000,51.9876976,5.983773232,63.98109436,1.683286384,34.48711395,42.62481308,0.018875515,28996.33789,0.999115586,27.70612761,15.00446987,15.79500008
4/18/26 23:20:00.000,51.96290588,6.17145586,65.99552917,1.736383883,34.59162903,42.74555588,0.018934177,28908.72852,0.999114394,27.78461203,15.01282883,15.79500008
4/18/26 23:30:00.000,51.91785812,6.67626667,71.41181946,1.878754931,34.6227951,42.77513123,0.018948643,28882.70508,0.999113023,27.80383639,15.02168465,15.8039999
4/18/26 23:40:00.000,51.76972961,7.140182972,76.38336182,2.009540761,34.46895981,42.57927322,0.018853754,29011.60938,0.99911201,27.67652832,15.02745628,15.76799965
4/18/26 23:50:00.000,52.0427742,7.175795555,76.76725006,2.019632406,34.53012085,42.65316391,0.018889608,28960.22266,0.999111891,27.72455662,15.02910233,15.79500008
4/19/26 0:00:00.000,52.06997681,6.964808941,74.50405121,1.960107855,34.67378998,42.83427429,0.018977374,28840.22852,0.999112487,27.84227952,15.02549934,15.8039999
4/19/26 0:10:00.000,52.21081161,7.172122002,76.72537231,2.018641019,34.55825424,42.68687439,0.018905966,28936.64648,0.999111652,27.74646878,15.03013897,15.76799965
4/19/26 0:20:00.000,52.20489883,7.199306011,77.01599121,2.026439343,34.47053146,42.57496262,0.018851753,29010.28711,0.999111056,27.6737269,15.03367996,15.77700043
4/19/26 0:30:00.000,52.3865242,7.303592682,78.12905121,2.055899924,34.43517303,42.52876663,0.018829383,29040.07422,0.999110699,27.6436992,15.03619289,15.79500008
4/19/26 0:40:00.000,52.92355347,6.924848557,74.07314301,1.949124994,34.59401321,42.72899628,0.018926419,28906.73633,0.999111474,27.7738478,15.03217125,15.76799965
4/19/26 0:50:00.000,53.05857849,6.475319862,69.26153564,1.8223025,35.0351944,43.28210449,0.019194525,28542.72656,0.999112904,28.13336812,15.02415657,15.77700043
4/19/26 1:00:00.000,52.80433273,5.63547802,60.27282715,1.585723686,36.08773804,44.59000778,0.019828755,27710.24414,0.999114513,28.98350544,15.01693439,15.75899982
4/19/26 1:10:00.000,52.78813553,5.041030407,53.89949799,1.418325122,36.38674164,44.96430206,0.020010242,27482.53711,0.999115348,29.2267967,15.01236725,15.77700043
4/19/26 1:20:00.000,54.18860245,5.375849247,57.47409058,1.512628044,36.34699631,44.91174316,0.019984797,27512.58984,0.999114752,29.19263393,15.01561642,15.78600025
4/19/26 1:30:00.000,53.25343323,5.630306244,60.19377899,1.584267733,36.20515442,44.73509979,0.019899135,27620.37695,0.999114573,29.07781489,15.01692104,15.75899982
4/19/26 1:40:00.000,53.29930496,5.805533886,62.06793594,1.633524638,37.21443939,45.98395538,0.020504931,26871.29102,0.999115229,29.88957241,15.01527977,15.77700043
4/19/26 1:50:00.000,52.62688065,5.797445774,61.94109344,1.631248135,37.8871994,46.81546402,0.020908352,26394.13867,0.999115586,30.43005057,15.01508427,15.75899982
4/19/26 2:00:00.000,52.46574783,5.878876686,62.79066086,1.654081026,38.65687943,47.76930237,0.021371122,25868.61719,0.999116361,31.05004691,15.01262093,15.75899982
4/19/26 2:10:00.000,52.67260742,6.093324184,65.07120514,1.714335103,39.0846138,48.30059433,0.02162889,25585.51563,0.999116838,31.3953869,15.01022339,15.75899982
4/19/26 2:20:00.000,52.37014389,6.281465054,67.08071899,1.767249519,39.07934189,48.29463196,0.02162599,25588.9668,0.999117076,31.3915126,15.00974083,15.77700043
4/19/26 2:30:00.000,66.24188232,5.859258652,62.6294136,1.650061776,36.01573181,44.45838928,0.019765513,27765.64453,0.999108255,28.89795229,15.05757904,15.76799965
4/19/26 2:40:00.000,65.7742157,5.699398041,60.9223175,1.604902606,35.78150558,44.17367172,0.019627349,27947.39844,0.999108791,28.71288545,15.05334091,15.75899982
4/19/26 2:50:00.000,68.80802155,5.654192924,60.4280777,1.591663601,35.56598663,43.92381287,0.019505933,28116.75195,0.999111056,28.55047956,15.03769207,15.75899982
4/19/26 3:00:00.000,68.18955231,5.930970669,63.35700989,1.669069564,35.19217682,43.47732544,0.019289177,28415.40625,0.999113083,28.26026082,15.02290726,15.77700043
4/19/26 3:10:00.000,70.38277435,6.326197624,67.58013153,1.780065857,34.94137192,43.17370224,0.019141845,28619.36914,0.999114037,28.06290798,15.01679325,15.75899982
4/19/26 3:20:00.000,70.35837555,6.483356476,69.25457001,1.824225969,34.77473068,42.96947861,0.019042794,28756.51367,0.999114156,27.93016098,15.01513577,15.76799965
4/19/26 3:30:00.000,70.24875641,6.445720196,68.84870148,1.813557637,34.69306183,42.87062454,0.018994827,28824.20703,0.999114394,27.86590718,15.01309967,15.74100018
4/19/26 3:40:00.000,71.06123352,6.383251667,68.15969849,1.795974379,34.66375351,42.83468246,0.018977394,28848.57813,0.999114454,27.84254402,15.01282978,15.75899982
4/19/26 3:50:00.000,70.9315033,6.348056793,67.78923798,1.786003707,34.69300842,42.87266159,0.018995786,28824.25195,0.999114692,27.86723152,15.01101971,15.76799965
4/19/26 4:00:00.000,71.44271851,6.410140991,68.43445587,1.803358445,34.69033432,42.87246704,0.01899565,28826.47266,0.999115229,27.867103,15.00794792,15.75
4/19/26 4:10:00.000,70.74658203,6.529828548,69.72364044,1.83690245,34.63757324,42.81068802,0.018965643,28870.38281,0.999115646,27.82694809,15.0045557,15.76799965
4/19/26 4:20:00.000,70.40337372,6.619820595,70.68108368,1.862117621,34.60206604,42.76938629,0.018945584,28900.00781,0.999115884,27.80010179,15.00199795,15.77700043
4/19/26 4:30:00.000,71.09293365,6.712392807,71.6714859,1.888106281,34.47925568,42.61898041,0.018872637,29002.94531,0.999116123,27.70233713,15.00061417,15.75899982
4/19/26 4:40:00.000,71.49966431,6.747549534,72.04675293,1.897823943,34.44099045,42.57608414,0.01885177,29035.16992,0.999116838,27.6744552,14.99623489,15.75899982
4/19/26 4:50:00.000,69.87896729,6.75322485,72.1048584,1.899174265,34.49525833,42.64952087,0.018887285,28989.49219,0.999117792,27.7221892,14.98993015,15.76799965
4/19/26 5:00:00.000,67.70839691,6.717149734,71.70014954,1.888777975,34.63930511,42.83420181,0.018976748,28868.93945,0.999118865,27.84223109,14.98342037,15.78600025
4/19/26 5:10:00.000,67.45275116,6.730782986,71.81842041,1.892333397,34.64696884,42.85101318,0.018984793,28862.55469,0.999119997,27.85315923,14.9761734,15.75
4/19/26 5:20:00.000,67.79802704,6.760117054,72.12789154,1.900212272,34.608284,42.81263733,0.018966058,28894.81641,0.999121249,27.82821469,14.96680832,15.75
4/19/26 5:30:00.000,66.90564728,6.798264503,72.50978851,1.91065341,34.5575943,42.75729752,0.018939123,28937.19922,0.999122381,27.79224329,14.95951939,15.75899982
4/19/26 5:40:00.000,66.57581329,6.81165266,72.64028931,1.914086089,34.57453156,42.7866478,0.018953234,28923.02344,0.999123693,27.8113205,14.95121574,15.75
4/19/26 5:50:00.000,66.18683624,6.772976398,72.22628784,1.902846972,34.59988403,42.82771301,0.018973002,28901.83008,0.999125123,27.83801407,14.94164276,15.74100018
4/19/26 6:00:00.000,66.10626221,6.732852936,71.78445435,1.891163059,34.63392258,42.88056946,0.018998481,28873.42578,0.999126732,27.87237056,14.93106556,15.75899982
4/19/26 6:10:00.000,65.9839859,6.728853703,71.76252747,1.889642046,34.61777115,42.87101746,0.018993706,28886.89648,0.999128222,27.8661605,14.92076302,15.75899982
4/19/26 6:20:00.000,66.01052094,6.754666805,72.03874207,1.896541778,34.60094833,42.85925293,0.018987868,28900.94141,0.999129653,27.85851434,14.91181755,15.75899982
4/19/26 6:30:00.000,59.725811,6.733237743,71.82401276,1.890139953,34.60382843,42.87282181,0.018994307,28898.53711,0.999131083,27.86733396,14.9019556,15.75
4/19/26 6:40:00.000,59.33079147,6.756862164,72.07226563,1.896223265,34.53737259,42.80479431,0.018961119,28954.14258,0.99913317,27.82311663,14.88783169,15.75899982
4/19/26 6:50:00.000,59.17941666,6.796439648,72.48144531,1.906760297,34.45520782,42.71768188,0.018918674,29023.18945,0.999135315,27.76649408,14.87327385,15.75899982
4/19/26 7:00:00.000,59.44136047,6.85474968,73.06125641,1.921896215,34.49775696,42.80176544,0.018958991,28987.39258,0.999139905,27.82114781,14.84235954,15.75
4/19/26 7:10:00.000,59.24835205,6.854462624,73.0357132,1.921365115,34.67483902,43.03324127,0.019071043,28839.35547,0.999141812,27.9716067,14.83082008,15.75
4/19/26 7:20:00.000,58.37858963,6.871866703,73.22498322,1.925742267,34.81351089,43.21831894,0.019160591,28724.48047,0.99914366,28.0919075,14.81815434,15.77700043
4/19/26 7:30:00.000,59.12005997,6.85369873,73.0075531,1.919757208,34.87136459,43.3134346,0.019206369,28676.82422,0.999147117,28.15373428,14.79547119,15.77700043
4/19/26 7:40:00.000,58.90120316,6.797315121,72.39240265,1.90357576,35.05908585,43.55686569,0.019324247,28523.27734,0.999148667,28.31196412,14.78553867,15.77700043
4/19/26 7:50:00.000,57.87644958,6.740553856,71.68512726,1.887243833,35.07856369,43.59262466,0.019341411,28507.43945,0.999150395,28.33520621,14.77436256,15.76799965
4/19/26 8:00:00.000,57.59526443,6.8471632,72.77857208,1.916622831,34.95353317,43.44957733,0.019271873,28609.41016,0.999152064,28.24222483,14.76240826,15.75
4/19/26 8:10:00.000,57.76954269,6.882907391,73.1413269,1.926053108,34.9726944,43.4883194,0.019290438,28593.73633,0.99915415,28.26740779,14.74795437,15.75899982
4/19/26 8:20:00.000,57.97146606,6.900497913,73.31168365,1.930222984,34.95630264,43.4874382,0.019289719,28607.14453,0.999156892,28.26683596,14.72906971,15.75899982
4/19/26 8:30:00.000,57.92769241,6.920236111,73.44407654,1.934773187,34.7888298,43.3041687,0.019200493,28744.85938,0.999160528,28.14771049,14.70470619,15.75
4/19/26 8:40:00.000,57.78908157,6.971780777,73.90911865,1.947996996,34.57966232,43.07403564,0.019088477,28918.73242,0.999164879,27.99812332,14.67517948,15.75
4/19/26 8:50:00.000,57.89233398,7.017330647,74.35298157,1.959460651,34.37718582,42.85366821,0.018981174,29089.05859,0.99916923,27.85488404,14.64394569,15.75
4/19/26 9:00:00.000,57.88174438,6.79792881,71.95384979,1.896795526,34.2557106,42.73852158,0.018924814,29192.21289,0.999174356,27.78003924,14.60829067,15.75
4/19/26 9:10:00.000,57.82878494,6.782719135,71.71263123,1.891162616,34.24214172,42.75793457,0.018933674,29203.78125,0.999179602,27.79265679,14.57262707,15.73200035
4/19/26 9:20:00.000,58.04396439,6.78498745,71.69754028,1.890231863,34.16513824,42.70236588,0.018906111,29269.60156,0.999185383,27.75653824,14.53277588,15.75
4/19/26 9:30:00.000,58.17507935,6.728507996,70.98200989,1.872756004,34.04814911,42.60181427,0.018856678,29370.17188,0.99919194,27.69117802,14.48787022,15.76799965
4/19/26 9:40:00.000,57.99322128,6.760131836,71.19854736,1.879671669,33.93864059,42.51399231,0.018813351,29464.93945,0.999198854,27.6340954,14.43944454,15.75
4/19/26 9:50:00.000,57.91937637,6.889275551,72.46691895,1.913575495,33.83911896,42.4405899,0.018776974,29551.59766,0.999206126,27.58638375,14.38895893,15.73200035
4/19/26 10:00:00.000,57.86040115,7.045155525,74.01223755,1.954995276,33.73273087,42.3540535,0.018734301,29644.79883,0.999212623,27.53013559,14.34273911,15.74100018
4/19/26 10:10:00.000,57.96142578,7.175359249,75.31523895,1.989204633,33.66822433,42.32022476,0.018717155,29701.5957,0.999219239,27.5081452,14.29626942,15.75899982
4/19/26 10:20:00.000,58.66916275,7.204569817,75.49513245,1.994856721,33.65141296,42.3590126,0.018734979,29716.43359,0.999227703,27.53335983,14.2373476,15.75
4/19/26 10:30:00.000,59.00780869,7.188915253,75.22702026,1.988277272,33.59169006,42.33898544,0.018724371,29769.26758,0.999235272,27.5203418,14.18316936,15.73200035
4/19/26 10:40:00.000,59.89717484,7.222973824,75.47695923,1.995492566,33.60647964,42.41164398,0.018758679,29756.16602,0.999242842,27.56756917,14.13026237,15.75899982
4/19/26 10:50:00.000,62.45446777,7.207461834,75.191185,1.988912675,33.69074249,42.57474899,0.01883674,29681.74414,0.99925065,27.6735872,14.07495117,15.73200035
4/19/26 11:00:00.000,60.90353012,7.302968025,76.09136963,2.013350817,33.66604233,42.59030533,0.018843489,29703.52148,0.999257028,27.68369764,14.02945328,15.73200035
4/19/26 11:10:00.000,61.03789139,7.332445621,76.25708008,2.018105345,33.50751877,42.47162628,0.018784612,29844.04883,0.999268055,27.60655805,13.94967937,15.73200035
4/19/26 11:20:00.000,60.79168701,7.234034061,75.1294632,1.988215163,33.38768005,42.38874435,0.018743273,29951.16797,0.999277294,27.55268477,13.88242817,15.72299957
4/19/26 11:30:00.000,60.25982285,7.039238453,73.04129791,1.932997541,33.28908539,42.30605316,0.018702488,30039.87695,0.999282897,27.49893442,13.84101582,15.74100018
4/19/26 11:40:00.000,60.28502274,7.217700958,74.77519989,1.980020432,33.25417709,42.31064224,0.018703852,30071.41016,0.999289513,27.50191838,13.79335117,15.74100018
4/19/26 11:50:00.000,61.67586136,7.298678875,75.55317688,2.000484467,33.29565048,42.40625763,0.018749388,30033.95313,0.999295175,27.56406739,13.75177383,15.73200035
4/19/26 12:00:00.000,61.32800293,7.478341103,77.32489014,2.047563713,33.19667816,42.33191681,0.018712467,30123.49609,0.999301851,27.51574665,13.70155907,15.73200035
4/19/26 12:10:00.000,60.11776733,7.683821678,79.34092712,2.101449011,32.92327118,42.03814316,0.018569246,30373.65234,0.999309063,27.32479386,13.64796638,15.71399975
4/19/26 12:20:00.000,60.30152893,7.771492481,80.14881897,2.123005638,32.73386383,41.85145569,0.018477874,30549.40234,0.999316216,27.20344625,13.59392357,15.72299957
4/19/26 12:30:00.000,61.46441269,7.584171772,78.12371063,2.069708534,32.91164398,42.12877655,0.018611191,30384.38281,0.999322891,27.38370374,13.54530239,15.72299957
4/19/26 12:40:00.000,57.44939041,7.4858284,77.04384613,2.041115712,33.03743362,42.33191681,0.018708749,30268.69531,0.999328375,27.51574665,13.50460434,15.73200035
4/19/26 12:50:00.000,57.96950912,7.703109264,79.1389389,2.098380874,32.72284698,41.97454453,0.018534916,30559.6875,0.999334097,27.28345431,13.46009636,15.75
4/19/26 13:00:00.000,55.9975853,7.872030735,80.81244659,2.142407325,32.57964325,41.83581924,0.018466936,30694.01367,0.999339819,27.1932818,13.41622543,15.74100018
4/19/26 13:10:00.000,55.92069626,7.927957058,81.28986359,2.155720537,32.48544312,41.75754547,0.018428251,30783.01953,0.999345303,27.14240365,13.37454605,15.74100018
4/19/26 13:20:00.000,56.19680786,8.004986763,82.02153778,2.174784238,32.42517471,41.72182083,0.018410169,30840.23438,0.999350667,27.11918391,13.33378983,15.74100018
4/19/26 13:30:00.000,56.33042526,8.039477348,82.29672241,2.182073591,32.39102936,41.72396851,0.018410325,30872.74609,0.999356508,27.1205809,13.28885174,15.74100018
4/19/26 13:40:00.000,56.01649094,8.061208725,82.41951752,2.18586668,32.38484573,41.76257324,0.018428106,30878.64063,0.999362409,27.14567259,13.24353027,15.74100018
4/19/26 13:50:00.000,55.7787323,8.176294327,83.50190735,2.215255562,32.25894928,41.63972092,0.018367896,30999.15039,0.999367356,27.06581727,13.20501328,15.72299957
4/19/26 14:00:00.000,55.3797493,8.237232208,84.03450775,2.229800189,32.20888519,41.61764145,0.018356385,31047.33398,0.999372602,27.05146745,13.16355133,15.75
4/19/26 14:10:00.000,55.73850632,8.27620697,84.3724823,2.238844976,32.19307327,41.6295929,0.018361529,31062.58203,0.999376774,27.05923654,13.13203526,15.73200035
4/19/26 14:20:00.000,56.49042892,8.298707962,84.55764008,2.243264764,32.16718292,41.63193512,0.018361952,31087.58398,0.999381185,27.06075832,13.09719372,15.75
4/19/26 14:30:00.000,55.94055176,8.264825821,84.16020203,2.232487115,32.13109207,41.62015915,0.018355565,31122.50195,0.999385536,27.05310285,13.063241,15.75
4/19/26 14:40:00.000,56.07797241,8.299033165,84.4730072,2.240359055,32.16747665,41.69681168,0.018392051,31087.30078,0.999389231,27.10292675,13.0346241,15.74100018
4/19/26 14:50:00.000,56.3515625,8.288515091,84.34046173,2.236067321,32.14673996,41.70134735,0.018393615,31107.35352,0.999393046,27.10587718,13.00419331,15.73200035
4/19/26 15:00:00.000,56.26043701,8.264760017,84.03210449,2.228208216,32.10095978,41.67339706,0.018379461,31151.7168,0.99939692,27.08770894,12.9737463,15.73200035
4/19/26 15:10:00.000,56.2419281,8.385018349,85.22215271,2.259533402,32.09102249,41.68395233,0.018384088,31161.36328,0.999399781,27.09456906,12.95105457,15.74100018
4/19/26 15:20:00.000,55.85096359,8.321280479,84.52863312,2.241335099,32.09903336,41.71648788,0.018399375,31153.58594,0.999402463,27.11571753,12.92967033,15.75
4/19/26 15:30:00.000,55.96364212,8.321675301,84.48796082,2.24062313,32.04139709,41.65916824,0.018371291,31209.625,0.99940455,27.0784609,12.91266823,15.74100018
4/19/26 15:40:00.000,56.07686234,8.33058548,84.54166412,2.242007089,32.02126312,41.65484238,0.018368755,31229.24805,0.999407291,27.07564831,12.89154434,15.76799965
4/19/26 15:50:00.000,56.33382797,8.319131851,84.39988708,2.238081519,32.01094055,41.65956497,0.018370664,31239.32031,0.999409497,27.07871795,12.87400436,15.75
4/19/26 16:00:00.000,56.24121094,8.294395447,84.11889648,2.230817246,32.01477051,41.6778183,0.018379223,31235.58203,0.999411047,27.09058113,12.86119652,15.76799965
4/19/26 16:10:00.000,56.0099678,8.286326408,84.00003815,2.227959189,32.04400253,41.73079681,0.018404527,31207.08789,0.999412835,27.12501772,12.84681606,15.75
4/19/26 16:20:00.000,56.28403091,8.267860413,83.80506897,2.222366111,32.07091522,41.77960587,0.018427851,31180.90039,0.999414504,27.15674415,12.83357334,15.74100018
4/19/26 16:30:00.000,55.8251152,8.115229607,82.25082397,2.181106398,33.83639908,44.08531189,0.01954297,29553.97266,0.999416053,28.65545265,12.8283205,15.75
4/19/26 16:40:00.000,55.94495773,7.717950344,78.19631958,2.073858346,35.67235184,46.49005127,0.020706303,28032.91406,0.999418378,30.21853417,12.81735516,15.75899982
4/19/26 16:50:00.000,55.94673538,7.74285078,78.42697906,2.0800675,34.9820137,45.60255814,0.020276563,28586.11914,0.999419332,29.64166366,12.80661964,15.78600025
4/19/26 17:00:00.000,55.92622375,7.816060066,79.16619873,2.099228421,35.08714294,45.75232697,0.020348761,28500.46875,0.999420762,29.73901294,12.79544926,15.74100018
4/19/26 17:10:00.000,56.47659302,7.941507339,80.38600159,2.131659034,32.49458694,42.40042877,0.018726636,30774.35547,0.999422848,27.56027877,12.76827049,15.75899982
4/19/26 17:20:00.000,56.65465164,8.334173203,84.32476044,2.236438059,31.53255463,41.15819168,0.018125713,31713.25586,0.999423921,26.75282396,12.75553513,15.74100018
4/19/26 17:30:00.000,56.6366272,8.430718422,85.25972748,2.261910223,31.5257988,41.15855789,0.018125698,31720.05273,0.999425113,26.75306238,12.74658108,15.75
4/19/26 17:40:00.000,56.52513504,8.44114399,85.38897705,2.264553333,31.56603241,41.21439362,0.018152619,31679.62305,0.99942553,26.78935602,12.74336624,15.75
4/19/26 17:50:00.000,56.56159592,8.447238922,85.43977356,2.266316734,31.61141014,41.2709198,0.018180005,31634.14648,0.999425232,26.82609856,12.74600983,15.75899982
4/19/26 18:00:00.000,56.7171936,8.420681953,85.16453552,2.259276408,31.63886452,41.30492401,0.018196482,31606.69727,0.999425054,26.84820071,12.74779415,15.75
4/19/26 18:10:00.000,56.86503983,8.433373451,85.28842163,2.262861926,31.65330696,41.31991959,0.01820381,31592.27539,0.999424636,26.85794793,12.75153923,15.75899982
4/19/26 18:20:00.000,56.7107811,8.455694199,85.51106262,2.268901127,31.65204048,41.31723404,0.018202538,31593.53906,0.999424517,26.85620263,12.75254059,15.75
4/19/26 18:30:00.000,56.77788925,8.450256348,85.45207977,2.267441929,31.66329002,41.33198929,0.01820967,31582.31445,0.999424517,26.86579339,12.75247288,15.75899982
4/19/26 18:40:00.000,56.82144547,8.447432518,85.42576599,2.26658907,31.66490555,41.33611298,0.01821162,31580.70313,0.999424696,26.86847374,12.75051785,15.74100018
4/19/26 18:50:00.000,57.15367126,8.447246552,85.41678619,2.266484473,31.67575073,41.35136032,0.018218974,31569.89063,0.999424815,26.87838487,12.74945927,15.75
4/19/26 19:00:00.000,57.17633438,8.445198059,85.40383148,2.266425609,31.65793991,41.3178215,0.01820297,31587.65234,0.999423563,26.85658447,12.7594471,15.75
4/19/26 19:10:00.000,57.09931946,8.437826157,85.33705902,2.264310502,31.65177536,41.31259918,0.018200386,31593.80469,0.999423921,26.85318887,12.75670528,15.75899982
4/19/26 19:20:00.000,57.37202072,8.439480782,85.33733368,2.264516009,31.66543388,41.33550262,0.018211355,31580.17773,0.999424577,26.868077,12.75177956,15.76799965
4/19/26 19:30:00.000,57.92203903,8.453474045,85.44537354,2.267273452,31.67035675,41.36304855,0.018224224,31575.26758,0.99942708,26.8859826,12.73130131,15.75
4/19/26 19:40:00.000,57.36956787,8.463988304,85.54067993,2.269908448,31.67985344,41.37935638,0.018232031,31565.80273,0.999427557,26.89658105,12.72751808,15.75899982
4/19/26 19:50:00.000,57.79323959,8.427747726,85.16440582,2.259864159,31.67697525,41.38249588,0.018233398,31568.66992,0.999428332,26.89862251,12.72083855,15.74100018
4/19/26 20:00:00.000,57.53660965,8.425703049,85.13487244,2.258908769,31.66333008,41.37334061,0.018228794,31582.27539,0.999429464,26.89267136,12.71243763,15.75
4/19/26 20:10:00.000,57.86705017,8.474234581,85.60909271,2.271495405,31.64868736,41.36316681,0.018223684,31596.88672,0.999430478,26.88605897,12.70375824,15.75
4/19/26 20:20:00.000,58.22911453,8.458916664,85.44636536,2.266778496,31.65560532,41.38508606,0.018234013,31589.98242,0.999432027,26.90030634,12.6912899,15.75
4/19/26 20:30:00.000,58.28004074,8.448983192,85.30595398,2.263363668,31.65048027,41.39443207,0.018238183,31595.09766,0.999433935,26.90638043,12.67576981,15.77700043
4/19/26 20:40:00.000,58.81995773,8.412110329,84.91303253,2.252866617,31.65979195,41.41991425,0.018250221,31585.80469,0.999435425,26.92294493,12.66291142,15.75899982
4/19/26 20:50:00.000,58.41146469,8.393696785,84.70787811,2.247347303,31.68640137,41.46726608,0.018272849,31559.2793,0.999437094,26.95372328,12.65080929,15.74100018
4/19/26 21:00:00.000,57.88375854,8.372261047,84.46109772,2.241026619,31.66906738,41.45705795,0.018267645,31576.55273,0.999438405,26.94708854,12.63877106,15.75
4/19/26 21:10:00.000,57.63789749,8.362689018,84.37439728,2.238725479,31.65319824,41.43064499,0.018255001,31592.38477,0.999437869,26.92991868,12.64421272,15.75899982
4/19/26 21:20:00.000,57.69520187,8.337865829,84.07865906,2.231237406,31.66911316,41.46971512,0.018273491,31576.50781,0.999440014,26.95531584,12.6266222,15.72299957
4/19/26 21:30:00.000,58.20602417,8.367930412,84.30223846,2.237478721,31.63703156,41.4664917,0.018271105,31608.52734,0.999444544,26.95322037,12.58922195,15.74100018
4/19/26 21:40:00.000,57.78855515,8.347208977,84.0690918,2.231200966,31.6476841,41.49636841,0.018285207,31597.88867,0.999446392,26.97264031,12.57390118,15.75899982
4/19/26 21:50:00.000,58.05851364,8.377554893,84.32279968,2.238234801,31.66135025,41.53751755,0.018304592,31584.25,0.999449074,26.99938789,12.55157185,15.75
4/19/26 22:00:00.000,58.26108932,8.381428719,84.31241608,2.238218425,31.63450813,41.52497482,0.018298039,31611.04883,0.999451697,26.99123323,12.52978039,15.75899982
4/19/26 22:10:00.000,59.42279053,8.400529861,84.46486664,2.24233106,31.64487457,41.55984497,0.018314434,31600.69336,0.9994542,27.01389976,12.50937462,15.74100018
4/19/26 22:20:00.000,58.56806946,8.350975037,83.93283844,2.228396609,31.63315392,41.55976105,0.018314054,31612.40234,0.999455988,27.01384574,12.4946928,15.75
4/19/26 22:30:00.000,59.2038765,8.41486454,84.53369141,2.244495884,31.60665894,41.54534149,0.018306641,31638.90234,0.999458313,27.00447291,12.47513103,15.75
4/19/26 22:40:00.000,58.91862488,8.465679169,85.00602722,2.25715835,31.58105659,41.53076553,0.018299181,31664.55078,0.999460518,26.99499764,12.45683384,15.76799965
4/19/26 22:50:00.000,58.76992416,8.471741676,85.02950287,2.257959279,31.58081245,41.54788208,0.018307067,31664.79688,0.999462545,27.00612321,12.44012737,15.74100018
4/19/26 23:00:00.000,59.20452881,8.478288651,85.04399872,2.258827333,31.58648682,41.57410049,0.018319322,31659.10742,0.999464631,27.02316642,12.42217731,15.75899982
4/19/26 23:10:00.000,59.53911209,8.490703583,85.11584473,2.261142488,31.58461189,41.59282303,0.018327905,31660.98828,0.999467075,27.03533508,12.40190792,15.74100018
4/19/26 23:20:00.000,59.04957962,8.50146389,85.17847443,2.263118772,31.57922935,41.60470581,0.018333226,31666.38477,0.99946928,27.04305947,12.38377953,15.75899982
4/19/26 23:30:00.000,58.33060074,8.50801754,85.19263458,2.263872197,31.58403015,41.63227844,0.018346077,31661.57031,0.999471724,27.06098184,12.3635006,15.75
4/19/26 23:40:00.000,58.72102737,8.512823105,85.18770599,2.264260343,31.55532455,41.61339188,0.018336529,31690.37305,0.99947387,27.04870515,12.34540749,15.76799965
4/19/26 23:50:00.000,58.65507126,8.50677681,85.08664703,2.261776563,31.55570793,41.63264847,0.018345416,31689.98828,0.999475956,27.06122212,12.32752705,15.73200035
4/20/26 0:00:00.000,59.63624191,8.513913155,85.11174774,2.262694039,31.56199837,41.66199112,0.018359121,31683.67188,0.9994784,27.08029561,12.30748367,15.75
4/20/26 0:10:00.000,59.04087448,8.533118248,85.24298096,2.266681423,31.54560852,41.66413879,0.018359624,31700.13281,0.999481082,27.08169073,12.28484154,15.74100018
4/20/26 0:20:00.000,58.90488815,8.524046898,85.09690094,2.263226025,31.52727127,41.66230392,0.018358229,31718.57031,0.999483585,27.08049677,12.26354408,15.74100018
4/20/26 0:30:00.000,59.66791916,8.507507324,84.8786087,2.257930511,31.53463364,41.69146347,0.018371878,31711.16602,0.999485612,27.09945291,12.24507809,15.74100018
4/20/26 0:40:00.000,59.93070984,8.50122261,84.76506042,2.255294335,31.52513123,41.69976044,0.018375408,31720.72461,0.999487996,27.10484527,12.22527313,15.75
4/20/26 0:50:00.000,60.24824142,8.4528265,84.23558807,2.241443827,31.51076508,41.70269012,0.018376328,31735.18555,0.99949044,27.10674703,12.20445633,15.73200035
4/20/26 1:00:00.000,59.33839798,8.471539497,84.34909058,2.24506962,31.48293686,41.69463348,0.018371772,31763.23828,0.999493599,27.101513,12.17715359,15.75899982
4/20/26 1:10:00.000,59.47210693,8.49703598,84.54177094,2.250617997,31.45923042,41.68929672,0.018368596,31787.17383,0.99949646,27.09804289,12.15244293,15.74100018
4/20/26 1:20:00.000,59.53297043,8.482936859,84.34593964,2.24572848,31.44503784,41.69543076,0.018370982,31801.51953,0.999499202,27.10203081,12.12880898,15.72299957
4/20/26 1:30:00.000,60.09925461,8.517045975,84.63483429,2.253496856,31.41158676,41.67823792,0.018362053,31835.38672,0.999502182,27.09085494,12.10307693,15.75
4/20/26 1:40:00.000,59.96353149,8.518227577,84.58933258,2.252438638,31.3965435,41.68779755,0.018365983,31850.64063,0.99950546,27.09706873,12.07513428,15.73200035
4/20/26 1:50:00.000,61.14910889,8.557340622,84.91690826,2.261356699,31.33970642,41.64280319,0.018343531,31908.4043,0.999508798,27.06782334,12.04628181,15.73200035
4/20/26 2:00:00.000,60.80204773,8.554188728,84.82437897,2.25913006,31.34365654,41.67793655,0.018359806,31904.38281,0.999512017,27.09065937,12.01803017,15.74100018
4/20/26 2:10:00.000,60.4009552,8.523721695,84.45501709,2.249434823,31.36413193,41.74080276,0.018389331,31883.55469,0.999515831,27.13152207,11.98440838,15.73200035
4/20/26 2:20:00.000,61.27243423,8.462332726,83.8034668,2.232201058,31.35507965,41.75120163,0.018393818,31892.75977,0.999518335,27.13828161,11.96325779,15.73200035
4/20/26 2:30:00.000,60.59309006,8.462316513,83.74464417,2.230770775,31.33825111,41.75994492,0.018397305,31909.88477,0.999521613,27.14396454,11.93392849,15.73200035
4/20/26 2:40:00.000,61.84669495,8.496537209,84.02329254,2.238311958,31.30565834,41.7486763,0.018391093,31943.10742,0.99952507,27.13664062,11.90365982,15.73200035
4/20/26 2:50:00.000,60.56311035,8.478120804,83.78849792,2.232147063,31.29550743,41.76363754,0.018397639,31953.46875,0.99952805,27.14636549,11.87687016,15.72299957
4/20/26 3:00:00.000,60.48925781,8.479880333,83.75608063,2.231320907,31.26149559,41.74642563,0.018388648,31988.23242,0.999531031,27.13517658,11.85039043,15.75
4/20/26 3:10:00.000,61.325634,8.501814842,83.9134903,2.23557148,31.22566605,41.73159409,0.018380694,32024.9375,0.999534547,27.1255374,11.81937122,15.73200035
4/20/26 3:20:00.000,60.35710526,8.566091537,84.50408936,2.251060433,31.20158005,41.72991943,0.018379144,32049.6582,0.999537647,27.12444775,11.79072189,15.74100018
4/20/26 3:30:00.000,60.67962265,8.579917908,84.57685852,2.253011636,31.16842842,41.7219162,0.018374396,32083.74805,0.999541521,27.11924538,11.75663376,15.73200035
4/20/26 3:40:00.000,60.28575134,8.572800636,84.45494843,2.24975245,31.1472435,41.72359848,0.018374467,32105.57031,0.99954468,27.12034062,11.72847271,15.73200035
4/20/26 3:50:00.000,60.8409996,8.59125042,84.58903503,2.253286038,31.12503815,41.7220192,0.018373018,32128.47461,0.999547601,27.1193143,11.7020874,15.72299957
4/20/26 4:00:00.000,60.09180832,8.572559357,84.33966064,2.246817826,31.21141052,41.87185287,0.01844451,32039.56445,0.999551058,27.21670456,11.67032146,15.72299957
4/20/26 4:10:00.000,60.22642899,8.607191086,84.62646484,2.254420233,31.06960869,41.71334457,0.018367209,32185.79297,0.999554336,27.11367421,11.6406374,15.73200035
4/20/26 4:20:00.000,60.15281296,8.478930473,83.31816864,2.219508349,31.09221268,41.77274323,0.018395159,32162.39453,0.999557257,27.15228312,11.61351681,15.73200035
4/20/26 4:30:00.000,60.82450485,8.54904747,83.95220184,2.236499283,31.08261108,41.78940964,0.018402461,32172.33008,0.999560237,27.16311626,11.58594513,15.75
4/20/26 4:40:00.000,60.53279114,8.601811409,84.41483307,2.248847809,31.00554657,41.71733093,0.018366881,32252.29297,0.999563456,27.11626515,11.55651283,15.73200035
4/20/26 4:50:00.000,60.3395195,8.649218559,84.80052185,2.259408446,31.01345253,41.76747513,0.018390089,32244.07227,0.999567509,27.14885771,11.51970863,15.73200035
4/20/26 5:00:00.000,60.4765892,8.682244301,85.06358337,2.26654791,30.92285347,41.67739487,0.018345816,32338.54297,0.999570549,27.09030733,11.48991489,15.75899982
4/20/26 5:10:00.000,60.42269897,8.676138878,84.95475769,2.263837085,30.90091133,41.67170334,0.018342458,32361.50586,0.999572992,27.08660811,11.46765232,15.71399975
4/20/26 5:20:00.000,61.01800537,8.690538406,85.05648804,2.266710633,30.88075256,41.66356277,0.018338047,32382.63086,0.999574959,27.08131447,11.44991207,15.73200035
4/20/26 5:30:00.000,60.64056778,8.649619102,84.68406677,2.256498163,30.88012505,41.652771,0.018333089,32383.28906,0.999573886,27.07430162,11.45917606,15.73200035
4/20/26 5:40:00.000,60.98834229,8.687548637,84.99881744,2.264963018,30.82957649,41.61523056,0.018314196,32436.38477,0.999577045,27.0498991,11.43059444,15.71399975
4/20/26 5:50:00.000,60.78982925,8.690611839,84.98939514,2.264471013,30.80029488,41.60340881,0.018307775,32467.2207,0.999579847,27.04221755,11.40476608,15.73200035
4/20/26 6:00:00.000,60.28133011,8.714887619,85.17560577,2.269457308,30.76984596,41.59085083,0.01830099,32499.34961,0.999582469,27.03405358,11.37813759,15.71399975
4/20/26 6:10:00.000,60.32885742,8.716347694,85.1394043,2.268340079,30.75959206,41.60916901,0.018308999,32510.18359,0.999585688,27.04596147,11.34818363,15.73200035
4/20/26 6:20:00.000,60.85233688,8.728758812,85.21155548,2.270224157,30.72657013,41.59325409,0.018300572,32545.12305,0.999588609,27.03561448,11.3214283,15.75
4/20/26 6:30:00.000,60.30803299,8.725175858,85.11682892,2.267832878,30.70547295,41.59589386,0.018301042,32567.48438,0.999591649,27.03733183,11.29241657,15.75
4/20/26 6:40:00.000,60.36143112,8.698795319,84.82439423,2.259817393,30.67765617,41.5831337,0.018294236,32597.01367,0.999593973,27.02903748,11.26925564,15.75
4/20/26 6:50:00.000,60.18746948,8.675894737,84.53991699,2.252370923,30.66664696,41.60047913,0.018301757,32608.7168,0.999597192,27.04031207,11.2392931,15.72299957
4/20/26 7:00:00.000,60.121418,8.670984268,84.44123077,2.249750238,30.65643692,41.61576462,0.018308362,32619.57617,0.999599993,27.05024742,11.21227169,15.72299957
4/20/26 7:10:00.000,61.00606155,8.619405746,83.89027405,2.235063837,30.64484787,41.62834549,0.018313684,32631.91211,0.999602735,27.05842443,11.18604088,15.73200035
4/20/26 7:20:00.000,60.2088623,8.69026947,84.52775574,2.25181076,30.5981369,41.60003281,0.018299099,32681.72852,0.999606013,27.04002149,11.1534853,15.72299957
4/20/26 7:30:00.000,60.26330185,8.721672058,84.77178955,2.258296675,30.54238701,41.55970764,0.018278707,32741.38281,0.999609411,27.01381035,11.12061977,15.72299957
4/20/26 7:40:00.000,60.27790451,8.791656494,85.38267517,2.274672713,30.50070381,41.54027176,0.018268341,32786.12891,0.999613047,27.00117603,11.08608437,15.72299957
4/20/26 7:50:00.000,60.2816925,8.770133018,85.12193298,2.267742443,30.4948082,41.5614624,0.018277774,32792.46875,0.999615788,27.01495029,11.05905724,15.72299957
4/20/26 8:00:00.000,61.22841263,8.776312828,85.1257782,2.268043548,30.46466446,41.54810715,0.018270589,32824.91406,0.999618411,27.00627036,11.03342247,15.72299957
4/20/26 8:10:00.000,61.89448166,8.736317635,84.69438934,2.256585647,30.45201302,41.55505371,0.018273287,32838.55078,0.999620676,27.01078542,11.01106453,15.73200035
4/20/26 8:20:00.000,61.11428833,8.782944679,85.09008789,2.267483532,30.41652489,41.53110886,0.018261075,32876.86719,0.999622941,26.99522115,10.98844528,15.73200035
4/20/26 8:30:00.000,61.20285034,8.807344437,85.26527405,2.272370098,30.3776989,41.50828171,0.018249253,32918.88672,0.999625742,26.98038332,10.96055698,15.72299957
4/20/26 8:40:00.000,61.01882553,8.806337357,85.20591736,2.270551374,30.36360168,41.52235031,0.018255118,32934.16797,0.999628842,26.98952891,10.92980385,15.70499992
4/20/26 8:50:00.000,60.88893127,8.786644936,84.953125,2.264147189,30.3441906,41.52436447,0.018255316,32955.23828,0.999631524,26.99083649,10.90346909,15.74100018
4/20/26 9:00:00.000,60.94579697,8.804648399,85.0670166,2.267485597,30.31818199,41.51659393,0.018250804,32983.50781,0.999633968,26.98578499,10.8778286,15.73200035
4/20/26 9:10:00.000,60.99057388,8.808854103,85.05224609,2.266955235,30.28762054,41.5092926,0.018246336,33016.78906,0.999637187,26.98104084,10.8460083,15.72299957
4/20/26 9:20:00.000,60.82849121,8.818976402,85.08999634,2.268192256,30.26404762,41.50627899,0.018244063,33042.50781,0.999639869,26.97908133,10.81905174,15.71399975
4/20/26 9:30:00.000,60.684021,8.82587719,85.10687256,2.268574943,30.2234726,41.48050308,0.01823082,33086.86719,0.999642551,26.96232684,10.7915554,15.72299957
4/20/26 9:40:00.000,91.94995117,8.858170509,85.36842346,2.275522031,30.20539093,41.48451233,0.018231947,33106.67188,0.999645114,26.96493268,10.76505089,15.75
4/20/26 9:50:00.000,61.04742813,8.850984573,85.25027466,2.272459795,30.17886925,41.47408295,0.018226191,33135.76953,0.999647498,26.95815451,10.74115753,15.73200035
4/20/26 10:00:00.000,61.174366,8.855984688,85.25671387,2.272464073,30.14445496,41.45408249,0.018215789,33173.59766,0.999649942,26.94515325,10.71607304,15.74100018
4/20/26 10:10:00.000,61.11475754,8.920915604,85.82302856,2.287896375,30.10732651,41.42916489,0.018203046,33214.50781,0.999652267,26.92895755,10.69205284,15.73200035
4/20/26 10:20:00.000,61.65075302,8.891695976,85.48761749,2.279289008,30.09017372,41.42919159,0.018202391,33233.44141,0.999654353,26.92897618,10.67035007,15.75
4/20/26 10:30:00.000,62.71601486,8.884678841,85.36049652,2.276216003,30.07617569,41.43718338,0.018205471,33248.90625,0.999656856,26.93416923,10.64532757,15.71399975
4/20/26 10:40:00.000,61.94240189,8.87912178,85.23428345,2.273523619,30.06562233,41.44968033,0.018210728,33260.57813,0.999659181,26.94229223,10.62054062,15.72299957
4/20/26 10:50:00.000,62.59544754,8.901605606,85.38619995,2.277808123,30.03975105,41.44543076,0.018207787,33289.22266,0.999661922,26.93952993,10.59175301,15.70499992
4/20/26 11:00:00.000,63.22793579,8.913291931,85.43847656,2.279617996,30.02293015,41.44740677,0.018208018,33307.875,0.999664128,26.94081515,10.56869507,15.75
4/20/26 11:10:00.000,63.00676346,8.917973518,85.41065979,2.279512661,29.98890877,41.4281311,0.018197943,33345.66016,0.999666572,26.92828514,10.54334354,15.75
4/20/26 11:20:00.000,63.93861389,8.992533684,86.06171417,2.29711436,29.94927406,41.40424347,0.018185547,33389.78906,0.999669373,26.91275999,10.51508904,15.73200035
4/20/26 11:30:00.000,63.4761467,8.980112076,85.87270355,2.29278958,29.93039322,41.40248871,0.018183993,33410.85547,0.999671459,26.91161819,10.4928236,15.74100018
4/20/26 11:40:00.000,62.29409409,8.950359344,85.50978088,2.283828441,29.91219711,41.40633011,0.018185008,33431.17969,0.999673903,26.914116,10.46630287,15.73200035
4/20/26 11:50:00.000,63.01968765,8.879804611,84.78857422,2.264928792,30.01161385,41.56333542,0.018260065,33320.43359,0.999675572,27.01616846,10.44866085,15.71399975
4/20/26 12:00:00.000,62.86442566,8.293524742,79.16820526,2.11480235,30.74272919,42.58982468,0.018754117,32528.01563,0.999677181,27.68338658,10.43627071,15.72299957
4/20/26 12:10:00.000,62.02371597,7.497701645,71.53580475,1.911277306,32.48739624,45.02365494,0.019926405,30781.16797,0.999679446,29.26537581,10.42214108,15.70499992
4/20/26 12:20:00.000,63.4813385,7.095598221,67.66908264,1.808366426,32.45982742,44.99734879,0.019913375,30807.31055,0.9996804,29.24827673,10.41214752,15.74100018
4/20/26 12:30:00.000,62.50297165,6.980888844,66.54893494,1.778550746,32.59332657,45.19975662,0.020010408,30681.12695,0.99968189,29.3798428,10.39765263,15.72299957
4/20/26 12:40:00.000,61.88635254,7.186058044,68.47096252,1.830226518,32.26172256,44.75694656,0.0197965,30996.48438,0.999682963,29.0920157,10.3832674,15.72299957
4/20/26 12:50:00.000,62.16778564,7.496566772,71.40642548,1.9087891,31.95354652,44.34357452,0.01959688,31295.43164,0.999683917,28.82332355,10.37121677,15.73200035
4/20/26 13:00:00.000,62.401577,7.718280792,73.50960541,1.96502378,31.70602798,44.00577164,0.019433947,31539.74414,0.999684215,28.60375121,10.36633682,15.75
4/20/26 13:10:00.000,62.61305237,7.95930481,75.79360199,2.026120683,31.42734909,43.62564087,0.019250598,31819.41992,0.999684691,28.35666575,10.3605814,15.73200035
4/20/26 13:20:00.000,62.08454895,7.97613287,75.93831635,2.030279346,31.27544785,43.41793823,0.01915044,31973.96289,0.99968493,28.22165936,10.35783768,15.74100018
4/20/26 13:30:00.000,62.18762207,7.969928265,75.87592316,2.028549287,31.17853546,43.28709412,0.0190873,32073.34766,0.999685109,28.13661098,10.35461998,15.73200035
4/20/26 13:40:00.000,62.95022583,7.999330044,76.14840698,2.035911371,31.13022995,43.22311783,0.019056382,32123.11719,0.999685287,28.09502743,10.35192299,15.73200035
4/20/26 13:50:00.000,62.70643616,7.972229481,75.8808136,2.02885762,31.13854599,43.23857117,0.019063717,32114.53711,0.999685645,28.10507081,10.34851646,15.75899982
4/20/26 14:00:00.000,62.43654251,7.973824501,75.89289856,2.029241193,31.27524757,43.42893219,0.019155402,31974.16797,0.999685824,28.22880633,10.34804726,15.74100018
4/20/26 14:10:00.000,62.06965256,7.925306797,75.42989349,2.01685903,31.47237396,43.70363235,0.019287715,31773.89844,0.999686003,28.40736136,10.34721088,15.73200035
4/20/26 14:20:00.000,62.02825928,7.931498051,75.48605347,2.018511932,31.71141052,44.03359222,0.019446746,31534.39063,0.999686003,28.62183563,10.34890175,15.74100018
4/20/26 14:30:00.000,62.70390701,7.942282677,75.56745911,2.021349484,31.97483253,44.39710236,0.019621961,31274.59766,0.999685824,28.85811776,10.35083294,15.73200035
4/20/26 14:40:00.000,62.4569397,7.910963535,75.28198242,2.013699868,32.12763214,44.60087204,0.019720392,31125.85352,0.999685287,28.99056673,10.35792828,15.75899982
4/20/26 14:50:00.000,62.07430649,7.95633173,75.70703888,2.025274315,32.27538681,44.80534363,0.019818941,30983.36133,0.999685287,29.12347391,10.35847282,15.75
4/20/26 15:00:00.000,62.20882034,7.931810856,75.4828949,2.019078882,32.48920441,45.10106659,0.019961478,30779.45508,0.999685347,29.31569517,10.35939693,15.75899982
4/20/26 15:10:00.000,62.20845413,7.864718914,74.8460083,2.002089423,32.56554794,45.20471954,0.020011503,30707.29883,0.999685168,29.38306704,10.36133575,15.74100018
4/20/26 15:20:00.000,61.9211998,7.859148979,74.80172729,2.000987537,32.6264534,45.2808342,0.020048434,30649.97461,0.999684513,29.43254262,10.36835861,15.75
4/20/26 15:30:00.000,62.06532669,7.899805069,75.19619751,2.011576204,32.6914978,45.3648262,0.020089099,30588.99219,0.999684095,29.48713861,10.37357807,15.75
4/20/26 15:40:00.000,61.88380814,7.862911701,74.8536377,2.002334467,32.61201477,45.25040436,0.020034079,30663.54492,0.999683738,29.41276319,10.37701893,15.73200035
4/20/26 15:50:00.000,62.27599716,7.814016342,74.39994049,1.990023707,32.60744095,45.24035645,0.020029353,30667.84766,0.999683499,29.40623276,10.38010597,15.74100018
4/20/26 16:00:00.000,62.24168015,7.835059166,74.60591888,1.995619145,32.5567131,45.16366196,0.019992575,30715.63086,0.999682963,29.35637906,10.38537979,15.75899982
4/20/26 16:10:00.000,61.57734299,7.852411747,74.79183197,2.000384001,32.58512115,45.19385147,0.020007402,30688.85352,0.999682248,29.37600389,10.3930788,15.75899982
4/20/26 16:20:00.000,62.14818192,7.907046318,75.33255005,2.014645079,32.63033676,45.24766922,0.020033602,30646.32813,0.999681532,29.41098623,10.4005003,15.77700043
4/20/26 16:30:00.000,61.96098328,7.950484276,75.78018188,2.026159483,32.68231583,45.30795288,0.020063007,30597.58789,0.999680579,29.4501707,10.41032696,15.74100018
4/20/26 16:40:00.000,62.53067398,7.841404438,74.74116516,1.99870233,32.41754913,44.93187332,0.01988202,30847.49023,0.999679804,29.20571901,10.41792011,15.75
4/20/26 16:50:00.000,64.81221008,7.693720341,73.38311005,1.962050503,31.83024597,44.09153748,0.019477833,31416.66016,0.99967736,28.65950018,10.44046021,15.75899982
4/20/26 17:00:00.000,63.83349991,8.469331741,80.8200531,2.160875899,30.19968224,41.80909348,0.018378865,33112.92969,0.999674439,27.17591077,10.46195316,15.75
4/20/26 17:10:00.000,63.78080368,8.956940651,85.51382446,2.286114533,29.56204605,40.90878296,0.01794575,33827.15625,0.999672592,26.59070864,10.47817898,15.75
4/20/26 17:20:00.000,62.96801758,9.075285912,86.67868805,2.317068392,29.50601959,40.81576538,0.017901408,33891.39063,0.999671221,26.53024718,10.49253273,15.77700043
4/20/26 17:30:00.000,62.80025864,9.097655296,86.94554901,2.323549439,29.52248192,40.82260895,0.017905157,33872.49219,0.99966979,26.53469518,10.50730133,15.75
4/20/26 17:40:00.000,63.41218185,9.07978344,86.78354645,2.319538156,29.53288078,40.82566833,0.017906955,33860.5625,0.999668837,26.53668448,10.51780319,15.75
4/20/26 17:50:00.000,63.79706955,9.066763878,86.71565247,2.317189512,29.53619385,40.80999374,0.017899986,33856.76563,0.999667048,26.52649581,10.53659916,15.75899982
4/20/26 18:00:00.000,63.80577087,9.003595352,86.16855621,2.302361042,29.55899239,40.81407928,0.017902741,33830.65234,0.999664605,26.52915195,10.56205082,15.75
4/20/26 18:10:00.000,63.63753891,8.990800858,86.10783386,2.300528893,29.6049614,40.84765244,0.01791976,33778.12109,0.999661982,26.5509747,10.58980751,15.75899982
4/20/26 18:20:00.000,64.48661804,8.917163849,85.47064209,2.283271081,29.63982773,40.86250305,0.017927859,33738.38672,0.999659002,26.56062692,10.62068844,15.76799965
4/20/26 18:30:00.000,63.78583908,8.897149086,85.34807587,2.279518119,29.67658806,40.88422394,0.017939139,33696.59766,0.999656439,26.57474577,10.64758682,15.77700043
4/20/26 18:40:00.000,63.99219894,8.910248756,85.52145386,2.284212014,29.68313026,40.86522293,0.01793078,33689.16797,0.999653935,26.56239457,10.6736393,15.78600025
4/20/26 18:50:00.000,63.73613358,8.97739315,86.22250366,2.302570531,29.72041321,40.89269638,0.017944679,33646.90625,0.99965173,26.58025362,10.69582367,15.75
4/20/26 19:00:00.000,63.42941284,8.935506821,85.88419342,2.293034624,29.76095963,40.92328262,0.017960122,33601.06641,0.999649465,26.60013363,10.71925926,15.75
4/20/26 19:10:00.000,63.9678154,8.869335175,85.27399445,2.277029766,29.77003098,40.91516495,0.017956782,33590.82813,0.999647498,26.59485675,10.73842049,15.78600025
4/20/26 19:20:00.000,63.60087204,8.868807793,85.34519958,2.278421249,29.82760811,40.96207809,0.017980289,33525.98828,0.999644637,26.62535012,10.76838303,15.76799965
4/20/26 19:30:00.000,63.75540543,8.913942337,85.78795624,2.291072946,29.84119415,40.95857239,0.01797922,33510.72266,0.999642551,26.6230721,10.78901386,15.75899982
4/20/26 19:40:00.000,63.70205688,8.915707588,85.85405731,2.292584664,29.86832047,40.97363663,0.017987087,33480.28906,0.999640584,26.63286403,10.80964947,15.75899982
4/20/26 19:50:00.000,64.14662933,8.911218643,85.85147095,2.292254792,29.87770653,40.96934128,0.017985499,33469.76953,0.999638975,26.63007379,10.82564545,15.74100018
4/20/26 20:00:00.000,64.78290558,8.896061897,85.73442078,2.288750857,29.91004944,41.0053978,0.018003097,33433.57813,0.999638259,26.65350772,10.83337021,15.77700043
4/20/26 20:10:00.000,64.48571014,8.884459496,85.64945984,2.286220901,29.93468857,41.02954483,0.018015003,33406.05859,0.999637365,26.66920424,10.84233379,15.75
4/20/26 20:20:00.000,64.17511749,8.894077301,85.76370239,2.289061846,29.95612526,41.05128098,0.018025687,33382.15625,0.99963671,26.68333426,10.84944725,15.75
4/20/26 20:30:00.000,64.02709198,8.886750221,85.69158936,2.287403632,29.96827888,41.06307602,0.018031511,33368.61719,0.999636233,26.69099905,10.85396957,15.75899982
4/20/26 20:40:00.000,64.47115326,8.779578209,84.65546417,2.259900599,29.98438072,41.08339691,0.018041346,33350.69531,0.999636054,26.70420706,10.85559368,15.75
4/20/26 20:50:00.000,64.44669342,8.751314163,84.38350677,2.252628064,30.01114464,41.12001419,0.018058997,33320.95313,0.999636114,26.72800981,10.85564423,15.75899982
4/20/26 21:00:00.000,64.33631134,8.763904572,84.49427795,2.255802126,30.02125549,41.13532257,0.018066335,33309.73438,0.999636173,26.73796006,10.85428715,15.75
4/20/26 21:10:00.000,64.352211,8.754349709,84.39887238,2.253296808,30.00541878,41.11470032,0.018056363,33327.3125,0.999636292,26.7245546,10.85328865,15.75
4/20/26 21:20:00.000,63.45268631,8.756209373,84.41164398,2.253726409,30.2244873,41.41588593,0.018201504,33085.75391,0.999636531,26.92032605,10.85235882,15.75
4/20/26 21:30:00.000,65.3024826,8.791373253,84.7277298,2.26268622,30.03400993,41.15686798,0.01807661,33295.58594,0.99963665,26.75196342,10.8505106,15.74100018
4/20/26 21:40:00.000,66.61748505,8.802985191,84.83213806,2.265683544,30.03244972,41.15444183,0.018075446,33297.31641,0.99963659,26.75038576,10.85077858,15.75
4/20/26 21:50:00.000,64.46759796,8.873936653,85.51612091,2.283982165,30.05439949,41.18372726,0.018089583,33273,0.999636531,26.76942386,10.85151386,15.75
4/20/26 22:00:00.000,64.5946579,8.895528793,85.7008667,2.289507232,30.07703209,41.21540451,0.018104833,33247.96094,0.99963659,26.79001354,10.85089684,15.75899982
4/20/26 22:10:00.000,63.71188354,8.860562325,85.35700226,2.280420252,31.01913452,42.50853348,0.018728126,32238.16602,0.999637306,27.63054706,10.84897614,15.76799965
4/20/26 22:20:00.000,63.75793457,8.856813431,85.31190491,2.279249618,30.08054352,41.22645187,0.018109983,33244.08203,0.999637127,26.79719403,10.84512234,15.75899982
4/20/26 22:30:00.000,64.41544342,8.799343109,84.72932434,2.264341483,30.11673164,41.27865219,0.018135071,33204.13281,0.999637365,26.83112398,10.8427124,15.76799965
4/20/26 22:40:00.000,64.00109863,8.73073864,84.05887604,2.246498428,30.13359261,41.30584335,0.018148065,33185.55469,0.999637842,26.84879862,10.83893681,15.75
4/20/26 22:50:00.000,63.91791916,8.731434822,84.05256653,2.246524835,30.15516281,41.33871078,0.01816381,33161.81641,0.9996382,26.87016316,10.83589077,15.74100018
4/20/26 23:00:00.000,64.10088348,8.72065258,83.93576813,2.243458173,30.14530754,41.33150101,0.018160162,33172.66016,0.999638796,26.86547674,10.83006382,15.77700043
4/20/26 23:10:00.000,63.91483688,8.700216293,83.73654175,2.237974414,30.15474892,41.34933853,0.018168624,33162.27344,0.999639153,26.87706985,10.82555008,15.76799965
4/20/26 23:20:00.000,64.06855011,8.669809341,83.42372894,2.229890181,30.1700325,41.37596512,0.018181305,33145.47266,0.99963963,26.89437754,10.82031631,15.74100018
4/20/26 23:30:00.000,63.83451843,8.669208527,83.40177155,2.229520329,30.15851974,41.36491394,0.018175846,33158.125,0.999640107,26.88719518,10.81594467,15.74100018
4/20/26 23:40:00.000,64.27603912,8.696614265,83.65281677,2.236187261,30.1767025,41.39809418,0.01819161,33138.14844,0.999640942,26.90876089,10.80834579,15.74100018
4/20/26 23:50:00.000,66.40854645,8.705918312,83.7049942,2.238044195,30.18976784,41.42761612,0.018205514,33123.80469,0.999641955,26.92795172,10.79766273,15.75
4/21/26 0:00:00.000,64.33399963,8.718335152,83.80925751,2.240772871,30.17251205,41.41390228,0.018198628,33142.75,0.999642909,26.9190371,10.78848171,15.75
4/21/26 0:10:00.000,66.45124054,8.758306503,84.16117096,2.250430341,30.17007256,41.42385483,0.018203055,33145.42969,0.999644101,26.92550607,10.77623081,15.75
4/21/26 0:20:00.000,64.72808838,8.726114273,83.81819916,2.241521722,30.17289543,41.44149399,0.018211171,33142.32813,0.999645352,26.93697065,10.76356792,15.72299957
4/21/26 0:30:00.000,64.9577713,8.754470825,84.05460358,2.248206948,30.17071915,41.45151138,0.018215636,33144.71875,0.999646485,26.94348246,10.75160503,15.74100018
4/21/26 0:40:00.000,64.69811249,8.752372742,83.98947144,2.247057264,30.16758156,41.46035385,0.018219534,33148.16406,0.999647617,26.94922872,10.73951626,15.75
4/21/26 0:50:00.000,64.8772049,8.770721436,84.12831116,2.250865106,30.1640358,41.47498703,0.018226031,33152.0625,0.999649405,26.95874125,10.72160053,15.73200035
4/21/26 1:00:00.000,64.40750122,8.791209221,84.28704834,2.255246979,30.16291046,41.49239349,0.018233892,33153.30078,0.999651194,26.97005682,10.70420647,15.72299957
4/21/26 1:10:00.000,64.59378052,8.782880783,84.16710663,2.252148303,30.16301537,41.51330566,0.018243378,33153.18359,0.999653041,26.9836504,10.68516731,15.75899982
4/21/26 1:20:00.000,64.71807861,8.746605873,83.74753571,2.241423764,30.16522408,41.54720688,0.018258844,33150.75781,0.999655724,27.00568549,10.65690899,15.73200035
4/21/26 1:30:00.000,64.50777435,8.722761154,83.47536469,2.234415599,30.16261673,41.56319809,0.018265996,33153.62109,0.999657452,27.01607905,10.63899994,15.73200035
4/21/26 1:40:00.000,65.45343781,8.732189178,83.5078125,2.235650702,30.12615585,41.53862381,0.018253425,33193.74609,0.999659657,27.00010687,10.61552143,15.75899982
4/21/26 1:50:00.000,65.46908569,8.780474663,83.91786957,2.247122913,30.11242676,41.53892899,0.018253019,33208.88281,0.999661446,27.00030431,10.59793854,15.74100018
4/21/26 2:00:00.000,65.6996994,8.806016922,84.12055206,2.252688845,30.09401131,41.53456879,0.01825032,33229.20313,0.999663293,26.99746937,10.5787096,15.73200035
4/21/26 2:10:00.000,65.55683136,8.802874565,84.04115295,2.250652666,30.08830261,41.55335999,0.018258611,33235.50781,0.999665618,27.00968459,10.55435944,15.74100018
4/21/26 2:20:00.000,65.60887909,8.762770653,83.59304047,2.239190339,30.0817318,41.57060242,0.01826616,33242.76563,0.999667883,27.02089213,10.53036118,15.76799965
4/21/26 2:30:00.000,65.51589203,8.805557251,83.96775055,2.249047857,30.06033897,41.56436539,0.018262487,33266.42578,0.999669909,27.01683715,10.50909805,15.73200035
4/21/26 2:40:00.000,65.36036682,8.846278191,84.32064056,2.25834949,30.02434731,41.5382576,0.018249225,33306.30078,0.999671996,26.99986845,10.48753643,15.73200035
4/21/26 2:50:00.000,65.66461945,8.880929947,84.60791016,2.265909704,30.00566673,41.54010391,0.018249316,33327.03906,0.99967432,27.001068,10.46230698,15.72299957
4/21/26 3:00:00.000,65.98755646,8.954681396,85.22893524,2.283091392,29.96865654,41.52377319,0.018240429,33368.19531,0.9996773,26.99045278,10.43051243,15.73200035
4/21/26 3:10:00.000,66.41980743,8.9728899,85.35225677,2.286227982,29.94115257,41.5176506,0.018236546,33398.84766,0.999680042,26.98647231,10.40140343,15.71399975
4/21/26 3:20:00.000,66.20316315,8.966678619,85.25596619,2.283445754,29.92119598,41.51562119,0.018234817,33421.125,0.999682188,26.98515356,10.37807941,15.73200035
4/21/26 3:30:00.000,65.53783417,8.878026009,84.36906433,2.25976443,29.90951729,41.52321625,0.018237781,33434.17188,0.999684274,26.99009143,10.3564539,15.72299957
4/21/26 3:40:00.000,65.64421844,8.883563995,84.37517548,2.259648769,29.8980217,41.5401268,0.018244952,33447.02734,0.999687016,27.0010829,10.32661533,15.73200035
4/21/26 3:50:00.000,65.87784576,9.028529167,85.69329834,2.29502448,29.86492157,41.52603912,0.018237228,33484.09766,0.999689698,26.99192613,10.2976656,15.73200035
4/21/26 4:00:00.000,65.65490723,9.049838066,85.83638,2.298922609,29.83430862,41.51568985,0.018231284,33518.45703,0.999692321,26.98519826,10.26844597,15.73200035
4/21/26 4:10:00.000,65.68045044,9.041276932,85.68917847,2.295298144,29.81437302,41.51874924,0.018231839,33540.87109,0.999694884,26.98718756,10.24053669,15.73200035
4/21/26 4:20:00.000,65.7940979,9.042876244,85.64416504,2.294271793,29.7722683,41.49045944,0.018217314,33588.30469,0.999697387,26.96879953,10.21303558,15.72299957
4/21/26 4:30:00.000,65.54178619,8.992704391,85.11865234,2.28031595,29.75543594,41.49325943,0.018217873,33607.30469,0.999699593,26.97061934,10.18926239,15.72299957
4/21/26 4:40:00.000,74.2221756,8.918501854,84.36740112,2.260422847,29.73634911,41.48985291,0.018215541,33628.875,0.99970156,26.96840465,10.16825962,15.71399975
4/21/26 4:50:00.000,65.46906281,9.009085655,85.16500092,2.282155623,29.71420288,41.4852066,0.018212508,33653.94141,0.999703586,26.9653853,10.14451313,15.72299957
4/21/26 5:00:00.000,65.28780365,9.047025681,85.46866608,2.290543911,29.69335365,41.48209763,0.018210223,33677.57031,0.999705613,26.96336247,10.12101078,15.72299957
4/21/26 5:10:00.000,65.92169952,9.082749367,85.72253418,2.29778694,29.66684723,41.48329544,0.018209642,33707.66016,0.999708712,26.96414292,10.08647442,15.71399975
4/21/26 5:20:00.000,66.0737381,9.069027901,85.5342865,2.292685426,29.68269348,41.54014206,0.018235942,33689.66406,0.999711573,27.00109221,10.0552063,15.74100018
4/21/26 5:30:00.000,65.98177338,9.027785301,85.08827209,2.280993546,29.67174339,41.55193329,0.018240793,33702.09766,0.999713659,27.00875513,10.03079224,15.72299957
4/21/26 5:40:00.000,66.20501709,9.052767754,85.27513123,2.286014215,29.6187191,41.50519562,0.018217456,33762.43359,0.999715924,26.97837725,10.00600433,15.71399975
4/21/26 5:50:00.000,65.92111969,9.08716011,85.53039551,2.29296086,29.58225441,41.49106216,0.018209515,33804.05078,0.999718845,26.96919069,9.972722054,15.75
4/21/26 6:00:00.000,65.57575226,9.109670639,85.68386078,2.297012271,29.55636406,41.48940659,0.018207647,33833.66016,0.999721646,26.96811408,9.94153595,15.71399975
4/21/26 6:10:00.000,66.478508,9.132926941,85.84333801,2.301195867,29.52104378,41.47540283,0.018199805,33874.14063,0.999724448,26.95901319,9.909544945,15.74100018
4/21/26 6:20:00.000,66.56801605,9.121153831,85.67951202,2.296978487,29.50826645,41.48404694,0.018203136,33888.80859,0.999726474,26.96463093,9.885651588,15.75
4/21/26 6:30:00.000,66.30146027,9.079971313,85.23957062,2.285429266,29.50344086,41.50243378,0.018211197,33894.35156,0.999728441,26.97658353,9.863064766,15.71399975
4/21/26 6:40:00.000,65.53682709,9.056417465,84.96847534,2.278182107,29.48067474,41.49869156,0.018208507,33920.52734,0.999730647,26.97414905,9.837701797,15.71399975
4/21/26 6:50:00.000,65.51804352,9.146865845,85.75540924,2.29937788,29.43046379,41.46112823,0.018189402,33978.39844,0.99973309,26.9497335,9.807991028,15.73200035
4/21/26 7:00:00.000,66.45849609,9.143946648,85.66416931,2.297209368,29.40755081,41.45933151,0.018187579,34004.87109,0.999735534,26.94856562,9.780670166,15.71399975
4/21/26 7:10:00.000,66.01850891,9.109689713,85.2758255,2.287021092,29.39389992,41.47378922,0.018193465,34020.66406,0.999737978,26.95796266,9.750491142,15.75
4/21/26 7:20:00.000,66.04480743,9.125376701,85.35060883,2.289500003,29.37396431,41.4768219,0.01819394,34043.75391,0.999740362,26.95993334,9.72260952,15.71399975
4/21/26 7:30:00.000,65.76409912,9.145446777,85.49468994,2.293190413,29.36351395,41.49077225,0.018199725,34055.87109,0.999742568,26.96900256,9.696957588,15.72299957
4/21/26 7:40:00.000,65.69604492,9.160020828,85.56002808,2.294989221,29.32299995,41.47303391,0.018189935,34102.92188,0.999745548,26.95747279,9.661661148,15.73200035
4/21/26 7:50:00.000,66.61438751,9.195367813,85.83113861,2.30243274,29.2996254,41.46995163,0.018187489,34130.12891,0.999747813,26.95546858,9.634901047,15.73200035
4/21/26 8:00:00.000,66.22985077,9.192116737,85.76272583,2.300505141,29.27741051,41.46212769,0.018182969,34156.02734,0.999749422,26.95038356,9.613830566,15.71399975
4/21/26 8:10:00.000,66.55809784,9.203045845,85.80213165,2.301830974,29.26582336,41.47563553,0.018188499,34169.55078,0.999751687,26.95916221,9.587162018,15.71399975
4/21/26 8:20:00.000,66.70773315,9.228415489,85.99785614,2.307326535,29.2345314,41.44930267,0.018175256,34206.125,0.999753058,26.94204636,9.571106911,15.72299957
4/21/26 8:30:00.000,66.49751282,9.339042664,86.95459747,2.3331448,30.62410545,43.46023178,0.019140935,32654.01563,0.999756515,28.24915014,9.536473274,15.70499992
4/21/26 8:40:00.000,66.157341,9.35885334,87.09687042,2.33687283,29.19420433,41.45620346,0.018176492,34253.375,0.999757648,26.94653347,9.514028549,15.73200035
4/21/26 8:50:00.000,66.56783295,9.37805748,87.17326355,2.33976718,29.17170143,41.46409225,0.018178986,34279.79688,0.999760628,26.95165947,9.478602409,15.72299957
4/21/26 9:00:00.000,66.5812149,9.39936924,87.30651093,2.343525895,29.14635086,41.46051788,0.018176204,34309.61328,0.999762952,26.94933675,9.449764252,15.71399975
4/21/26 9:10:00.000,67.60429382,9.424656868,87.47601318,2.348343861,29.11883163,41.45241165,0.018171286,34342.03906,0.999765158,26.94406919,9.422205925,15.71399975
4/21/26 9:20:00.000,67.09966278,9.421211243,87.38370514,2.345842378,29.09304237,41.44985199,0.018168926,34372.48047,0.999767601,26.94240399,9.391902924,15.70499992
4/21/26 9:30:00.000,66.95993805,9.378351212,86.93094635,2.333984529,29.07333946,41.44664764,0.018166572,34395.77344,0.99976933,26.94031969,9.369852066,15.72299957
4/21/26 9:40:00.000,67.11840057,9.371731758,86.8164444,2.330850299,29.04264259,41.43412781,0.018159511,34432.12891,0.999771476,26.93218365,9.342162132,15.71399975
4/21/26 9:50:00.000,67.38287354,9.377495766,86.81292725,2.331204956,29.03289795,41.44288254,0.018162966,34443.68359,0.999773145,26.93787403,9.322099686,15.70499992
4/21/26 10:00:00.000,67.59616852,9.414010048,87.08065796,2.338939843,29.00311279,41.42844391,0.018155089,34479.05859,0.999775052,26.92848817,9.297242165,15.74100018
4/21/26 10:10:00.000,68.11930084,9.469236374,87.51533508,2.351158398,28.97920227,41.4255867,0.018152673,34507.50781,0.999777198,26.92663111,9.269548416,15.72299957
4/21/26 10:20:00.000,67.71216583,9.48694706,87.63544464,2.354447827,28.96292305,41.4253273,0.018151779,34526.90234,0.999778807,26.92646347,9.249203682,15.71399975
4/21/26 10:30:00.000,68.49010468,9.498527527,87.67195892,2.35601236,28.93414307,41.41139221,0.018144168,34561.24609,0.999780655,26.91740543,9.225131989,15.70499992
4/21/26 10:40:00.000,68.56725311,9.465929985,87.32416534,2.347226485,28.92600632,41.41428375,0.018145066,34570.96484,0.999781609,26.91928484,9.212293625,15.73200035
4/21/26 10:50:00.000,68.08899689,9.465033531,87.25978851,2.345692047,28.89987946,41.40428162,0.01813934,34602.21875,0.999783516,26.9127842,9.188088417,15.71399975
4/21/26 11:00:00.000,68.52265167,9.50094223,87.52326202,2.352974466,28.8912487,41.4255867,0.018148426,34612.55859,0.999785841,26.92663111,9.158387184,15.71399975
4/21/26 11:10:00.000,68.60436249,9.500125885,87.45329285,2.351351364,28.85423279,41.40209198,0.018136136,34656.96094,0.999787807,26.91135928,9.132301331,15.70499992
4/21/26 11:20:00.000,68.81352997,9.471363068,87.14247131,2.343584021,28.80923271,41.35100937,0.018111141,34711.09375,0.999788702,26.87815577,9.120397568,15.70499992
4/21/26 11:30:00.000,69.0759964,9.491023064,87.26191711,2.347196537,28.80938339,41.377388,0.018122921,34710.91406,0.99979043,26.89530328,9.097332954,15.71399975
4/21/26 11:40:00.000,68.8302002,9.482149124,87.12246704,2.3434868,28.7856636,41.37496567,0.018120671,34739.51563,0.999792516,26.89372748,9.069454193,15.70499992
4/21/26 11:50:00.000,68.73697662,9.530244827,87.51947784,2.35440947,28.77189827,41.37512589,0.018120067,34756.13672,0.999793887,26.89383179,9.051891327,15.71399975
4/21/26 12:00:00.000,68.86701202,9.528896332,87.47368622,2.353340483,28.76298904,41.37772751,0.018120786,34766.90234,0.9997949,26.89552307,9.038332939,15.70499992
4/21/26 12:10:00.000,69.57046509,9.549300194,87.60667419,2.357095215,28.73613739,41.36570358,0.018114096,34799.38672,0.999796629,26.88770741,9.014927864,15.70499992
4/21/26 12:20:00.000,69.88995361,9.542872429,87.51377869,2.354630172,28.71382332,41.35188293,0.018106833,34826.42969,0.999797881,26.87872387,8.998827934,15.72299957
4/21/26 12:30:00.000,69.79943085,9.575924873,87.77387238,2.361674481,28.69139481,41.34253693,0.018101541,34853.65625,0.999799311,26.87264979,8.978645325,15.73200035
4/21/26 12:40:00.000,70.03900146,9.577241898,87.75070953,2.36128781,28.68326187,41.34563828,0.018102519,34863.53906,0.999800265,26.87466517,8.965622902,15.73200035
4/21/26 12:50:00.000,70.17034149,9.545250893,87.44161224,2.353330156,28.68881035,41.35507965,0.018107004,34856.79688,0.999800265,26.88080072,8.964351654,15.72299957
4/21/26 13:00:00.000,69.9009552,9.508769035,87.08399963,2.343825229,28.67822647,41.35045242,0.018104412,34869.66016,0.999801099,26.87779441,8.955016136,15.72299957
4/21/26 13:10:00.000,69.06941986,9.558379173,87.51574707,2.355551483,28.68727303,41.37398911,0.018115351,34858.66406,0.999801815,26.89309232,8.945806503,15.71399975
4/21/26 13:20:00.000,69.06885529,9.569290161,87.60832977,2.357937894,28.66389275,41.34657288,0.018101964,34887.09766,0.999802172,26.87527239,8.940271378,15.75
4/21/26 13:30:00.000,69.78298187,9.577849388,87.69705963,2.359970386,28.65539932,41.33586884,0.018096779,34897.4375,0.999802232,26.86831355,8.938912392,15.75
4/21/26 13:40:00.000,69.54537964,9.590463638,87.82914734,2.36333535,28.63195038,41.29672623,0.018078169,34926.01563,0.999801874,26.84287168,8.943589211,15.72299957
4/21/26 13:50:00.000,71.26274872,9.56343174,87.58463287,2.356581523,28.63360405,41.30103302,0.018080169,34924,0.999801993,26.84567124,8.941897392,15.75
4/21/26 14:00:00.000,70.94275665,9.595641136,87.88031006,2.364536964,28.64118195,41.31153107,0.018085226,34914.76172,0.999802053,26.85249411,8.942276955,15.74100018
4/21/26 14:10:00.000,70.82236481,9.594055176,87.87909698,2.364467626,28.67016792,41.34667969,0.018102327,34879.46094,0.999801517,26.87534317,8.948123932,15.75
4/21/26 14:20:00.000,68.68647003,9.593997002,87.90872192,2.364787171,28.64290428,41.30043793,0.018080371,34912.66016,0.999801099,26.84528567,8.954211235,15.74100018
4/21/26 14:30:00.000,69.57886505,9.591047287,87.90126038,2.364769763,28.65433693,41.30228043,0.018081766,34898.73047,0.999800086,26.84648335,8.967082977,15.72299957
4/21/26 14:40:00.000,68.57585144,9.609556198,88.08140564,2.369592155,28.64191246,41.27906799,0.018070802,34913.87109,0.999799788,26.83139406,8.97175312,15.74100018
4/21/26 14:50:00.000,69.35932159,9.671510696,88.63817596,2.384501618,28.62408638,41.26090622,0.018061822,34935.61328,0.999800265,26.81958862,8.965121269,15.73200035
4/21/26 15:00:00.000,68.49286652,9.652175903,88.51087189,2.380776981,28.63076973,41.24904251,0.018056875,34927.45703,0.999798834,26.81187727,8.984048843,15.76799965
4/21/26 15:10:00.000,68.89013672,9.582389832,87.93856812,2.365096095,28.66683006,41.26934814,0.018067712,34883.52344,0.999796808,26.82507597,9.011919975,15.76799965
4/21/26 15:20:00.000,69.40634918,9.586627007,88.0243454,2.367239527,28.67674065,41.26097488,0.018064469,34871.46484,0.999795377,26.81963518,9.031873703,15.75
4/21/26 15:30:00.000,69.74306488,9.578878403,87.98551941,2.365815441,28.70082664,41.28552628,0.018076612,34842.20313,0.999794602,26.83559246,9.040776253,15.75899982
4/21/26 15:40:00.000,69.32636261,9.593207359,88.13833618,2.369858885,28.69215965,41.26266098,0.018065985,34852.72656,0.999794006,26.82073042,9.049954414,15.73200035
4/21/26 15:50:00.000,69.7675705,9.591074944,88.17996979,2.370621604,28.69382095,41.23849487,0.018055286,34850.70703,0.999792278,26.80502273,9.073395729,15.75899982
4/21/26 16:00:00.000,69.74225616,9.576760292,88.10578156,2.368249208,28.70767784,41.23430634,0.018054098,34833.88672,0.999790609,26.80229954,9.09469223,15.75
4/21/26 16:10:00.000,69.68164063,9.592377663,88.29686737,2.372907549,28.70913887,41.22009277,0.018047838,34832.11328,0.999789476,26.79305896,9.10911274,15.75
4/21/26 16:20:00.000,68.67935944,9.62651062,88.67308044,2.382318943,28.71532631,41.20917892,0.018043268,34824.60938,0.999788225,26.78596601,9.126634598,15.75
4/21/26 16:30:00.000,68.81652069,9.602253914,88.5056076,2.377554382,28.73034286,41.20526123,0.01804225,34806.40625,0.999786377,26.78341977,9.14918232,15.75899982
4/21/26 16:40:00.000,68.731987,9.588177681,88.44165039,2.375449897,28.7637043,41.22480774,0.018052598,34766.03516,0.99978447,26.79612488,9.174243927,15.75899982
4/21/26 16:50:00.000,68.93283844,9.575223923,88.39926147,2.37368148,28.77555275,41.21206665,0.018047482,34751.72266,0.999782383,26.78784356,9.200588226,15.75899982
4/21/26 17:00:00.000,69.32738495,9.475558281,87.57594299,2.350810232,28.8081665,41.22070313,0.018052913,34712.37891,0.99977982,26.79345571,9.234354019,15.75899982
4/21/26 17:10:00.000,69.22744751,9.483991623,87.73842621,2.354690068,28.81571388,41.19454193,0.018041581,34703.28906,0.999777198,26.77645162,9.26718235,15.75
4/21/26 17:20:00.000,68.92873383,9.471495628,87.70758057,2.353467947,28.84455681,41.19687271,0.018043999,34668.58594,0.999774575,26.77796595,9.301763535,15.77700043
4/21/26 17:30:00.000,68.82782745,9.473972321,87.82257843,2.356037588,28.8567276,41.1739006,0.018034307,34653.96484,0.999771714,26.76303685,9.337694168,15.77700043
4/21/26 17:40:00.000,68.9624939,9.467636108,87.85755157,2.356396818,28.87571526,41.16092682,0.018029397,34631.17578,0.999768913,26.75460093,9.373412132,15.78600025
4/21/26 17:50:00.000,68.99008942,9.397884369,87.30982208,2.341043886,28.93039894,41.19705963,0.018048139,34565.71875,0.999765933,26.77808888,9.410694122,15.75899982
4/21/26 18:00:00.000,68.70230865,9.389620781,87.32633972,2.341277718,28.9754734,41.21364212,0.018057674,34511.94531,0.999762475,26.78886801,9.453159332,15.77700043
4/21/26 18:10:00.000,68.80261993,9.35546875,87.10726929,2.335128313,29.02092552,41.22890854,0.018066624,34457.89453,0.999758959,26.79879032,9.497249603,15.76799965
4/21/26 18:20:00.000,68.86071777,9.289037704,86.59845734,2.321031728,29.04932594,41.21701431,0.018062608,34424.20703,0.999755144,26.79105848,9.543958664,15.76799965
4/21/26 18:30:00.000,68.93505096,9.264037132,86.48715973,2.317713236,29.0902195,41.21351624,0.01806291,34375.81641,0.999750614,26.78878605,9.599042892,15.76799965
4/21/26 18:40:00.000,68.33853912,9.243210793,86.41872406,2.315444405,29.14422226,41.22823715,0.018071966,34312.11719,0.999746025,26.79835446,9.654426575,15.76799965
4/21/26 18:50:00.000,68.98690033,9.18083477,85.94204712,2.302145651,29.17060661,41.21646881,0.01806788,34281.08203,0.999742329,26.79070458,9.698507309,15.76799965
4/21/26 19:00:00.000,69.4802475,9.114535332,85.44450378,2.288257376,29.20204163,41.20261002,0.018063065,34244.17969,0.999737859,26.78169683,9.750915527,15.75899982
4/21/26 19:10:00.000,68.94004059,9.120397568,85.61964417,2.292471067,29.27221107,41.24346161,0.018084532,34162.09375,0.999733448,26.8082507,9.803236961,15.77700043
4/21/26 19:20:00.000,70.69055939,9.132411957,85.8364563,2.297824412,29.29550171,41.22693634,0.018078139,34134.93359,0.999729633,26.79750882,9.847708702,15.76799965
4/21/26 19:30:00.000,70.84449005,9.08159256,85.50656128,2.288338516,29.37401199,41.26721573,0.018099697,34043.69922,0.99972415,26.82369016,9.91100502,15.76799965
4/21/26 19:40:00.000,71.47244263,9.039164543,85.21955872,2.280076512,29.44040298,41.30855179,0.01812119,33966.92578,0.999720156,26.85055882,9.957859039,15.77700043
4/21/26 19:50:00.000,71.27883148,9.021859169,85.14464569,2.277482087,29.47661972,41.32151794,0.018128593,33925.19141,0.999717116,26.85898729,9.992038727,15.76799965
4/21/26 20:00:00.000,71.77261353,9.026314735,85.27220154,2.280072972,29.49682236,41.31864548,0.01812817,33901.95703,0.999714673,26.85711905,10.02023315,15.76799965
4/21/26 20:10:00.000,71.76194,9.028226852,85.35932159,2.282020192,29.53142929,41.33592224,0.018137433,33862.22656,0.999712169,26.8683508,10.04844379,15.76799965
4/21/26 20:20:00.000,71.96572113,9.01541996,85.3212738,2.280305033,29.56945229,41.35663223,0.018148396,33818.68359,0.999709547,26.88181028,10.07785034,15.76799965
4/21/26 20:30:00.000,80.19272614,9.015874863,85.38516235,2.281634112,29.5909996,41.36081314,0.018151196,33794.05859,0.99970746,26.88452788,10.10134029,15.77700043
4/21/26 20:40:00.000,74.93102264,9.004003525,85.33553314,2.279872776,29.62471199,41.38139343,0.0181619,33755.60156,0.999705255,26.89790726,10.12536621,15.79500008
4/21/26 20:50:00.000,71.99459839,9.021205902,85.56040955,2.285448888,29.66282463,41.40867996,0.018175818,33712.23047,0.999703169,26.91564336,10.14885521,15.77700043
4/21/26 21:00:00.000,71.92709351,9.018155098,85.58916473,2.28587244,29.70413017,41.44083023,0.018192062,33665.35156,0.999701083,26.93654038,10.1719408,15.76799965
4/21/26 21:10:00.000,73.07820892,8.941205025,84.9227066,2.267548297,29.75168991,41.48180389,0.018212546,33611.53516,0.999699116,26.96317248,10.19490242,15.79500008
4/21/26 21:20:00.000,72.86565399,8.931700706,84.85028839,2.265620992,29.77118683,41.49853134,0.018220918,33589.52344,0.999698222,26.9740466,10.20436478,15.75899982
4/21/26 21:30:00.000,72.69391632,8.901183128,84.59010315,2.258837365,29.83499908,41.56677246,0.018254383,33517.67969,0.999696553,27.01840177,10.22307777,15.76799965
4/21/26 21:40:00.000,72.56754303,8.886735916,84.49930573,2.256339423,29.85869789,41.57448196,0.018258851,33491.07813,0.999694407,27.02341415,10.24595356,15.76799965
4/21/26 21:50:00.000,73.98220062,8.87921524,84.47473907,2.255501907,29.86506271,41.56017303,0.018252654,33483.94141,0.99969244,27.0141121,10.26691628,15.75899982
4/21/26 22:00:00.000,71.09029388,8.903978348,84.74550629,2.262815897,29.8820591,41.56168365,0.018254036,33464.89453,0.999690652,27.01509371,10.28696156,15.76799965
4/21/26 22:10:00.000,71.27328491,8.918991089,84.92221069,2.267573524,29.92702866,41.60391998,0.018274978,33414.60938,0.999688923,27.0425491,10.305336,15.75899982
4/21/26 22:20:00.000,71.71530914,8.901384354,84.78636932,2.263909816,29.99645424,41.68288803,0.018313518,33337.27344,0.999687612,27.09387802,10.32118893,15.75
4/21/26 22:30:00.000,71.77933502,8.80739975,83.93461609,2.240930873,30.0434742,41.72796631,0.018335827,33285.09766,0.999685824,27.12317742,10.33948517,15.75899982
4/21/26 22:40:00.000,71.70214844,8.865663528,84.52007294,2.256508195,30.03352737,41.69778061,0.018321773,33296.12109,0.999684572,27.10355632,10.35428143,15.75
4/21/26 22:50:00.000,71.79602051,8.922334671,85.08637238,2.271541139,30.05326271,41.71207809,0.018329043,33274.25781,0.99968344,27.11285092,10.36612797,15.76799965
4/21/26 23:00:00.000,72.28107452,8.982329369,85.68721771,2.28760132,30.06210709,41.70752716,0.018327348,33264.46875,0.999682009,27.10989304,10.38134766,15.75899982
4/21/26 23:10:00.000,71.36513519,8.879769325,84.72770691,2.262055686,30.11183167,41.76405334,0.018354928,33209.53906,0.999680936,27.14663371,10.39260578,15.75899982
4/21/26 23:20:00.000,72.08490753,8.815880775,84.13800812,2.246264596,30.1798172,41.84780884,0.01839558,33134.72656,0.999680102,27.20107511,10.40210915,15.75
4/21/26 23:30:00.000,71.90648651,8.798037529,83.99562073,2.242432854,30.24291039,41.91958237,0.018430609,33065.60156,0.99967885,27.24772878,10.41626549,15.75
4/21/26 23:40:00.000,72.0267868,8.791086197,83.95832062,2.241199521,30.2515583,41.91972351,0.018431025,33056.14844,0.999677718,27.24782191,10.4269371,15.75899982
4/21/26 23:50:00.000,72.22732544,8.782315254,83.90019226,2.239490853,30.28915596,41.96030807,0.018450916,33015.11719,0.999676824,27.27420069,10.43730354,15.77700043
4/22/26 0:00:00.000,71.80141449,8.881615639,84.86554718,2.265293038,30.23555183,41.87553406,0.018410379,33073.64844,0.99967593,27.2190962,10.44679546,15.75899982
4/22/26 0:10:00.000,71.26181793,8.862968445,84.68907928,2.260738705,30.32098579,41.98948288,0.018465392,32980.45703,0.999675572,27.29316428,10.45073509,15.75
4/22/26 0:20:00.000,71.23119354,8.813604355,84.22335815,2.248507315,30.35694122,42.03134155,0.01848579,32941.39453,0.999674857,27.3203738,10.45786953,15.76799965
4/22/26 0:30:00.000,71.22973633,8.819119453,84.27771759,2.250150628,30.34731483,42.01294708,0.018477075,32951.84375,0.999674499,27.30841562,10.46243382,15.74100018
4/22/26 0:40:00.000,70.96295929,8.874843597,84.81222534,2.264634768,30.31851006,41.96720505,0.018455211,32983.15234,0.999674022,27.27868408,10.46771622,15.75
4/22/26 0:50:00.000,71.82657623,8.89803791,85.03213501,2.270746996,30.32786751,41.97597885,0.018459558,32972.97266,0.999673605,27.2843875,10.47148418,15.75
4/22/26 1:00:00.000,70.97119141,8.871403694,84.77124023,2.264015446,30.36489296,42.02578735,0.018483603,32932.76953,0.999673486,27.31676213,10.4727726,15.75
4/22/26 1:10:00.000,71.60293579,8.84145546,84.48582458,2.256474116,30.39442825,42.06446838,0.018502297,32900.76563,0.999673426,27.34190412,10.47474957,15.74100018
4/22/26 1:20:00.000,71.24671173,8.805000305,84.11890411,2.247157878,30.42494202,42.10699463,0.018522769,32867.76953,0.999673426,27.36954577,10.47448349,15.75
4/22/26 1:30:00.000,71.8057251,8.8173666,84.23256683,2.250296976,30.44351959,42.13308716,0.018535323,32847.71484,0.999673545,27.38650702,10.47414303,15.75
4/22/26 1:40:00.000,71.73863983,8.774136543,83.81665802,2.239203912,30.45805168,42.15449142,0.018545605,32832.03906,0.999673545,27.40042098,10.47297859,15.75
4/22/26 1:50:00.000,72.34393311,8.833050728,84.37145233,2.254204695,30.44080353,42.13142776,0.018534468,32850.64453,0.999673665,27.38542855,10.47225857,15.74100018
4/22/26 2:00:00.000,71.95450592,8.872033119,84.7430954,2.263953337,30.43874168,42.13296127,0.018535083,32852.87109,0.999674082,27.38642506,10.46831799,15.75
4/22/26 2:10:00.000,71.686409,8.880869865,84.82579803,2.266091459,30.44404984,42.14281082,0.018539751,32847.14063,0.999674201,27.39282697,10.46607304,15.75899982
4/22/26 2:20:00.000,72.40546417,8.890799522,84.91099548,2.268444824,30.43792534,42.13823318,0.018537434,32853.75,0.999674559,27.38985233,10.46256924,15.75899982
4/22/26 2:30:00.000,72.0812149,8.838459015,84.40769196,2.254905599,30.49582672,42.22251129,0.018577913,32791.37109,0.999674857,27.44463272,10.45888329,15.74100018
4/22/26 2:40:00.000,72.41906738,8.872742653,84.73628235,2.26350441,30.46594048,42.18428421,0.018559409,32823.53906,0.999675155,27.41978504,10.45605183,15.75
4/22/26 2:50:00.000,72.45420074,8.910963058,85.09511566,2.272982486,30.45071411,42.16913986,0.018551936,32839.95313,0.999675632,27.40994282,10.45073223,15.76799965
4/22/26 3:00:00.000,72.28869629,8.833370209,84.34410095,2.252913383,30.55334854,42.31741333,0.018623183,32729.63672,0.999676287,27.50631794,10.44524574,15.74100018
4/22/26 3:10:00.000,72.48922729,8.835008621,84.3550415,2.253074188,30.52478981,42.2835083,0.018606689,32760.25781,0.999676704,27.48428099,10.44019127,15.75899982
4/22/26 3:20:00.000,71.8783493,8.926552773,85.21792603,2.276020381,30.47867012,42.22827911,0.018579833,32809.83203,0.99967742,27.44838037,10.43244171,15.72299957
4/22/26 3:30:00.000,71.84751892,8.954442024,85.46766663,2.282723162,30.45686531,42.20689392,0.018569279,32833.32031,0.999678075,27.43448131,10.42453957,15.73200035
4/22/26 3:40:00.000,71.80825806,8.954180717,85.4597168,2.28234195,30.45817375,42.21557617,0.018573254,32831.91016,0.999678731,27.44012326,10.41839218,15.74100018
4/22/26 3:50:00.000,71.72852325,8.953639984,85.44438934,2.281811588,30.47212791,42.2435112,0.018586453,32816.875,0.999679387,27.45828219,10.41071129,15.73200035
4/22/26 4:00:00.000,71.52645111,8.961150169,85.50315094,2.28330752,30.45907402,42.23450089,0.01858185,32830.9375,0.999680102,27.45242603,10.40258694,15.75
4/22/26 4:10:00.000,71.61315918,8.978215218,85.6554184,2.28728384,30.45802689,42.24099731,0.018584743,32832.06641,0.999680877,27.45664865,10.39548302,15.74100018
4/22/26 4:20:00.000,72.20675659,8.994908333,85.80700684,2.291082978,30.44948578,42.2389946,0.018583491,32841.27734,0.999681711,27.45534666,10.3866806,15.75
4/22/26 4:30:00.000,72.06784821,8.955423355,85.41565704,2.280608645,30.47242355,42.27985382,0.018602908,32816.55469,0.999682546,27.48190425,10.37861061,15.75899982
4/22/26 4:40:00.000,72.65408325,8.982528687,85.66133118,2.287036878,30.45724869,42.26921463,0.018597474,32832.90625,0.999683321,27.47499011,10.36931515,15.74100018
4/22/26 4:50:00.000,72.18144989,8.984466553,85.66035461,2.287037468,30.46989632,42.29740143,0.01861074,32819.27734,0.999684334,27.49331109,10.3598299,15.75
4/22/26 5:00:00.000,72.2645874,8.957648277,85.39373779,2.279784997,30.45816994,42.29038239,0.018607082,32831.91406,0.999684989,27.48874761,10.35157585,15.73200035
4/22/26 5:10:00.000,72.33167267,8.996380806,85.74652863,2.288858405,30.43059731,42.26913452,0.018596347,32861.66016,0.99968648,27.4749361,10.33637619,15.73200035
4/22/26 5:20:00.000,72.54824829,8.983566284,85.6135788,2.28514557,30.42768669,42.2749176,0.018598836,32864.80469,0.999687254,27.47869678,10.32761574,15.73200035
4/22/26 5:30:00.000,72.32003021,9.003656387,85.78450012,2.289804648,30.41564751,42.26791,0.018595176,32877.8125,0.999688029,27.47414075,10.31895256,15.74100018
4/22/26 5:40:00.000,72.45597076,8.99425602,85.67808533,2.28694305,30.41140366,42.27232361,0.018596997,32882.40234,0.999688864,27.47700922,10.30976105,15.74100018
4/22/26 5:50:00.000,72.93829346,8.960771561,85.3502121,2.27813298,30.44692421,42.32814026,0.018623689,32844.03906,0.999689341,27.51329169,10.30402565,15.73200035
4/22/26 6:00:00.000,72.69609833,8.930247307,85.04890442,2.269972917,30.43438339,42.31946945,0.018619256,32857.57422,0.999690056,27.50765532,10.2962265,15.74100018
4/22/26 6:10:00.000,72.95092773,9.001395226,85.71292877,2.28760486,30.40268898,42.28517914,0.018602444,32891.82813,0.999690831,27.48536691,10.28751945,15.74100018
4/22/26 6:20:00.000,73.40885162,8.975487709,85.45396423,2.280538274,30.40650558,42.3011055,0.018609801,32887.69922,0.999691784,27.49571949,10.27807045,15.76799965
4/22/26 6:30:00.000,72.9644165,9.020887375,85.8795166,2.291597112,30.37265587,42.26426697,0.018591752,32924.35156,0.999692619,27.47177519,10.26893902,15.75899982
4/22/26 6:40:00.000,73.07350922,9.013703346,85.80925751,2.289487906,30.39550972,42.30223083,0.01860985,32899.59766,0.999693036,27.49644965,10.26345921,15.72299957
4/22/26 6:50:00.000,73.77228546,8.993593216,85.60442352,2.28386016,30.39087105,42.30718231,0.018611891,32904.61719,0.999694049,27.49967016,10.25331688,15.75899982
4/22/26 7:00:00.000,74.14415741,8.970458031,85.38158417,2.277634188,30.4144001,42.34753036,0.018631095,32879.16406,0.999694705,27.52589621,10.24656868,15.73200035
4/22/26 7:10:00.000,74.45911407,8.897302628,84.68147278,2.258809482,30.46676064,42.42596436,0.018668702,32822.65625,0.999695122,27.5768768,10.2416687,15.75
4/22/26 7:20:00.000,74.5056839,8.896627426,84.66798401,2.25829638,30.44645882,42.40518951,0.018658476,32844.54297,0.999695778,27.56337263,10.2350235,15.75
4/22/26 7:30:00.000,74.44966888,8.921683311,84.89889526,2.264318911,30.45003128,42.41765976,0.018664248,32840.6875,0.999696374,27.57147886,10.22838497,15.75899982
4/22/26 7:40:00.000,74.48690796,8.903198242,84.71050262,2.259233773,30.43833923,42.40998459,0.018660296,32853.30469,0.99969703,27.56648883,10.22074795,15.74100018
4/22/26 7:50:00.000,74.44026947,8.887633324,84.54819489,2.254833016,30.42631721,42.4033165,0.018656785,32866.28516,0.999697804,27.56215632,10.21181488,15.72299957
4/22/26 8:00:00.000,73.71204376,8.88124752,84.47467041,2.252796836,30.43179703,42.42004776,0.018664567,32860.36719,0.999698699,27.5730323,10.2037611,15.75899982
4/22/26 8:10:00.000,74.18819427,8.926859856,84.89611053,2.263797105,30.40481758,42.39508438,0.018652162,32889.52344,0.999699652,27.5568068,10.19256115,15.73200035
4/22/26 8:20:00.000,73.71337128,8.963763237,85.23145294,2.272690086,30.40131378,42.40028381,0.018654361,32893.31641,0.999700427,27.56018378,10.18362904,15.76799965
4/22/26 8:30:00.000,73.45404816,8.975641251,85.32850647,2.275335851,30.37874413,42.3768959,0.018642861,32917.75391,0.999701083,27.54498273,10.17646027,15.74100018
4/22/26 8:40:00.000,73.97434235,8.98530674,85.40680695,2.277480907,30.38178062,42.38770294,0.018647866,32914.46484,0.999701619,27.55200677,10.17064285,15.75
4/22/26 8:50:00.000,73.67809296,8.96008873,85.15185547,2.270697574,30.38333702,42.39847183,0.018652789,32912.77734,0.999702275,27.55900659,10.16303349,15.74100018
4/22/26 9:00:00.000,74.21157074,8.970933914,85.2460022,2.273130752,30.35506439,42.36591339,0.018636905,32943.43359,0.999702871,27.53784321,10.15692902,15.75
4/22/26 9:10:00.000,74.34233856,8.969576836,85.21780396,2.272493431,30.36290741,42.38335037,0.0186451,32934.92188,0.999703288,27.54917927,10.15118504,15.72299957
4/22/26 9:20:00.000,73.70800018,8.970405579,85.20874023,2.2722596,30.34845161,42.37291718,0.018639788,32950.60938,0.999704063,27.54239552,10.14255524,15.75899982
4/22/26 9:30:00.000,73.49328613,9.065150261,86.08682251,2.29576684,30.2938118,42.30732727,0.018607883,33010.04297,0.999704957,27.4997633,10.13307571,15.75
4/22/26 9:40:00.000,74.04557037,9.054092407,85.97730255,2.292772467,30.2804451,42.29284286,0.018600781,33024.61328,0.999705255,27.49034762,10.12936783,15.73200035
4/22/26 9:50:00.000,73.76656342,9.060274124,86.02979279,2.293943101,30.28607178,42.30918503,0.018608393,33018.47656,0.999705911,27.50097029,10.12184906,15.75
4/22/26 10:00:00.000,73.27654266,9.024641037,85.67805481,2.284645451,30.29335022,42.32540131,0.018616017,33010.54688,0.999706447,27.511511,10.11649704,15.73200035
4/22/26 10:10:00.000,73.37982178,9.044207573,85.84991455,2.289358819,30.3024044,42.34329224,0.018624466,33000.67969,0.999706864,27.52313949,10.11185646,15.73200035
4/22/26 10:20:00.000,73.86593628,9.026052475,85.65995789,2.284527724,30.30394745,42.35053253,0.0186278,32999,0.999707282,27.5278464,10.10735798,15.73200035
4/22/26 10:30:00.000,73.60245514,9.047897339,85.84809113,2.289760243,30.31390572,42.37089157,0.018637406,32988.16016,0.999707758,27.54108049,10.10166168,15.72299957
4/22/26 10:40:00.000,73.40018463,9.058855057,85.93186951,2.292342276,30.3043232,42.3617363,0.018632863,32998.59375,0.999708056,27.53512934,10.0979166,15.75
4/22/26 10:50:00.000,73.96495056,9.007923126,85.43872833,2.279424586,30.35782814,42.43719864,0.018669175,32940.43359,0.999708235,27.58418024,10.09732533,15.74100018
4/22/26 11:00:00.000,74.14083099,8.978874207,85.15026093,2.271939169,30.37652206,42.46630478,0.018683095,32920.16016,0.999708414,27.60309912,10.09470367,15.72299957
4/22/26 11:10:00.000,73.85345459,8.988313675,85.22177887,2.274138367,30.38574028,42.48326492,0.018691136,32910.17578,0.999708772,27.61412226,10.09110928,15.73200035
4/22/26 11:20:00.000,74.04438019,8.931394577,84.67518616,2.259594773,30.38202477,42.48126984,0.018690081,32914.19922,0.99970901,27.61282399,10.08828831,15.72299957
4/22/26 11:30:00.000,73.58990479,8.933465004,84.67905426,2.259708517,30.34433365,42.43759537,0.018668776,32955.08203,0.999709785,27.58443728,10.08032703,15.73200035
4/22/26 11:40:00.000,73.67123413,8.967808723,84.9982605,2.268168356,30.33187866,42.42514801,0.018662635,32968.61328,0.999710143,27.57634595,10.07593727,15.72299957
4/22/26 11:50:00.000,74.06253052,8.982827187,85.14461517,2.272047307,30.33541679,42.42834854,0.018664226,32964.76953,0.999709964,27.57842839,10.07747936,15.74100018
4/22/26 12:00:00.000,73.7826767,8.953989983,84.88106537,2.264818883,30.3292141,42.41825485,0.018659413,32971.51172,0.999709904,27.57186629,10.07873249,15.73200035
4/22/26 12:10:00.000,74.10353088,8.959414482,84.92577362,2.266119637,30.34654045,42.44400024,0.018671758,32952.68359,0.999710023,27.58860029,10.07740021,15.75
4/22/26 12:20:00.000,73.91153717,8.94243145,84.7627182,2.261718585,30.37431717,42.4852562,0.018691545,32922.55078,0.999710202,27.6154168,10.07527542,15.73200035
4/22/26 12:30:00.000,74.17201996,9.02043438,85.5120697,2.281542497,30.33952332,42.43445969,0.018667158,32960.30859,0.999709964,27.58239955,10.07715702,15.75
4/22/26 12:40:00.000,73.45765686,9.092084885,86.19876099,2.299886557,30.31105042,42.38984299,0.018645825,32991.26953,0.999709606,27.55339816,10.08139038,15.73200035
4/22/26 12:50:00.000,74.08766937,9.077762604,86.07350922,2.29656054,30.33439064,42.41597748,0.018658606,32965.88281,0.99970907,27.57038549,10.08713245,15.73200035
4/22/26 13:00:00.000,75.26584625,9.081201553,86.12710571,2.297850672,30.3777256,42.46752167,0.018683694,32918.85547,0.999708295,27.60388888,10.09511185,15.70499992
4/22/26 13:10:00.000,76.48391724,9.110793114,86.41822815,2.305691336,30.36946106,42.44836807,0.018674703,32927.81641,0.999707818,27.59143896,10.10181904,15.73200035
4/22/26 13:20:00.000,74.88774872,9.117411613,86.50519562,2.307750826,30.39874077,42.48095322,0.018690653,32896.09766,0.999707103,27.61262096,10.10916996,15.73200035
4/22/26 13:30:00.000,74.85749817,9.131233215,86.66447449,2.311786893,30.41305351,42.48925018,0.018695001,32880.61719,0.999706209,27.61801332,10.11949062,15.73200035
4/22/26 13:40:00.000,73.87085724,9.103600502,86.41511536,2.305036017,30.41325951,42.48431015,0.018692784,32880.39453,0.999705732,27.61480212,10.12410259,15.75
4/22/26 13:50:00.000,74.29101563,9.005856514,85.50358582,2.28052898,30.43755722,42.51295471,0.01870673,32854.14844,0.999705374,27.63342112,10.12876987,15.73200035
4/22/26 14:00:00.000,74.35299683,8.943533897,84.93410492,2.265189326,30.47324562,42.55305862,0.018726336,32815.67188,0.999704599,27.65948884,10.1373558,15.72299957
4/22/26 14:10:00.000,75.14263153,8.927686691,84.80597687,2.261649837,30.48237419,42.55529022,0.018727737,32805.84375,0.999703765,27.66093984,10.1466198,15.73200035
4/22/26 14:20:00.000,75.60393524,8.986195564,85.3945694,2.27739357,30.50660515,42.56882858,0.018734861,32779.78516,0.999702156,27.66973898,10.16449738,15.73200035
4/22/26 14:30:00.000,73.44565582,9.034442902,85.87561035,2.290263165,30.50613976,42.55418396,0.018728239,32780.28516,0.999701083,27.66022086,10.17683601,15.73200035
4/22/26 14:40:00.000,73.95584869,9.01308918,85.69330597,2.285306376,30.51049423,42.55016327,0.018726604,32775.60938,0.999700248,27.65760571,10.18573856,15.73200035
4/22/26 14:50:00.000,74.81820679,8.967489243,85.29190826,2.274412917,30.55077744,42.59170914,0.01874705,32732.39063,0.999699116,27.6846122,10.19863796,15.73200035
4/22/26 15:00:00.000,74.77158356,8.935657501,85.01729584,2.267026933,30.5691185,42.60206604,0.018752499,32712.75195,0.999697924,27.69134194,10.21204853,15.75
4/22/26 15:10:00.000,74.75515747,8.932367325,85.02819061,2.267032097,30.59996986,42.62648392,0.018764812,32679.77148,0.999696434,27.7072154,10.22841835,15.73200035
4/22/26 15:20:00.000,74.22219086,8.93754673,85.10759735,2.269114895,30.59428215,42.60162735,0.018753354,32685.8457,0.999695063,27.69105881,10.24336052,15.75
4/22/26 15:30:00.000,74.60345459,8.947498322,85.24514771,2.272552885,30.60029221,42.58999252,0.018748345,32679.42578,0.999693453,27.68349648,10.26102161,15.74100018
4/22/26 15:40:00.000,74.43576813,8.9566679,85.36901093,2.275888786,30.6081543,42.57870483,0.018743576,32671.0332,0.999691665,27.67615765,10.28066254,15.75899982
4/22/26 15:50:00.000,74.44487762,8.951146126,85.34905243,2.275572486,30.62238121,42.57454681,0.018742288,32655.85352,0.999689579,27.67345496,10.3018322,15.74100018
4/22/26 16:00:00.000,74.79611969,8.938942909,85.27109528,2.273515652,30.64555931,42.58388519,0.018747468,32631.1543,0.99968791,27.67952532,10.32207298,15.75
4/22/26 16:10:00.000,74.67305756,8.933329582,85.26873016,2.273182682,30.6611824,42.58147812,0.018747021,32614.52734,0.999685824,27.67796069,10.34341145,15.74100018
4/22/26 16:20:00.000,74.28438568,8.920502663,85.19962311,2.271028627,30.68640709,42.59202957,0.018752823,32587.71875,0.999683917,27.68481895,10.36507702,15.74100018
4/22/26 16:30:00.000,74.45493317,8.887843132,84.93164825,2.263966615,30.69017029,42.56955338,0.018742818,32583.72266,0.999681532,27.67020836,10.38962078,15.75
4/22/26 16:40:00.000,74.29428101,8.855371475,84.67092133,2.257028968,30.70547295,42.56116486,0.018739646,32567.48438,0.999679089,27.66475827,10.41588402,15.75
4/22/26 16:50:00.000,74.05477142,8.821881294,84.4017334,2.249730469,30.71134186,42.54185867,0.018731143,32561.25977,0.999676764,27.65220776,10.4402523,15.75
4/22/26 17:00:00.000,73.87120819,8.815497398,84.37779236,2.249225776,30.73749161,42.55317688,0.018737335,32533.55859,0.999674618,27.65956521,10.46236897,15.74100018
4/22/26 17:10:00.000,73.44815826,8.814603806,84.42277527,2.250027442,30.76998138,42.57531357,0.018748663,32499.20703,0.999672711,27.67395414,10.48266029,15.75
4/22/26 17:20:00.000,72.74849701,8.80380249,84.34747314,2.248517495,30.7826004,42.56497955,0.018744484,32485.88477,0.999670446,27.66723745,10.50736904,15.75899982
4/22/26 17:30:00.000,73.32032013,8.804507256,84.38652802,2.249815445,30.80175972,42.56668091,0.018746024,32465.67773,0.999668419,27.66834199,10.52942181,15.74100018
4/22/26 17:40:00.000,73.07450104,8.792527199,84.289711,2.247708599,30.8008194,42.54414749,0.018735778,32466.66797,0.999666572,27.65369602,10.54833126,15.76799965
4/22/26 17:50:00.000,73.6980896,8.769708633,84.08013916,2.242862456,30.81679916,42.54430008,0.018736482,32449.83398,0.999664664,27.65379474,10.56786251,15.77700043
4/22/26 18:00:00.000,73.48926544,8.763544083,84.06550598,2.242373843,30.85588074,42.57403564,0.018751506,32408.73242,0.999662578,27.6731234,10.58943367,15.74100018
4/22/26 18:10:00.000,74.10897827,8.747451782,83.95597839,2.239347161,30.87300301,42.57325363,0.018751832,32390.75977,0.999660552,27.6726149,10.61118984,15.75
4/22/26 18:20:00.000,73.50150299,8.734705925,83.88096619,2.237092197,30.90464973,42.59439468,0.018762663,32357.58984,0.999658704,27.6863575,10.63124371,15.73200035
4/22/26 18:30:00.000,73.67818451,8.739150047,83.95571136,2.238984538,30.92986488,42.61233139,0.018771788,32331.21094,0.999657214,27.69801579,10.64623165,15.74100018
4/22/26 18:40:00.000,73.4755249,8.726210594,83.84733582,2.236581751,30.96511459,42.64048386,0.018785939,32294.40625,0.999655545,27.71631628,10.66442394,15.75899982
4/22/26 18:50:00.000,73.36450958,8.704992294,83.68447113,2.232213745,30.98504257,42.64396286,0.018788293,32273.63672,0.999653399,27.71857567,10.6857872,15.74100018
4/22/26 19:00:00.000,73.24629974,8.672854424,83.485672,2.226598687,31.00508881,42.6124649,0.018774783,32252.76953,0.999648213,27.69810148,10.73853493,15.74100018
4/22/26 19:10:00.000,73.20876312,8.6829319,83.6215744,2.229926621,31.03152466,42.63231659,0.01878481,32225.29297,0.999646842,27.71100588,10.75326538,15.75
4/22/26 19:20:00.000,72.45556641,8.677742004,83.62413025,2.229496429,31.04220581,42.62671661,0.018782685,32214.20508,0.999645054,27.70736627,10.77138996,15.74100018
4/22/26 19:30:00.000,72.71794891,8.670485497,83.60591888,2.228451047,31.08213997,42.66313553,0.018800754,32172.81641,0.999643385,27.73103863,10.78785038,15.72299957
4/22/26 19:40:00.000,73.92272186,8.64205265,83.36719513,2.221994341,31.1118679,42.68480682,0.018811736,32142.07617,0.999641716,27.74512395,10.80494785,15.73200035
4/22/26 19:50:00.000,73.18531799,8.610789299,83.10582733,2.214543445,31.15616035,42.7323761,0.018835036,32096.38086,0.999640584,27.77604386,10.81673622,15.75
4/22/26 20:00:00.000,72.01921844,8.620341301,83.25159454,2.217719278,31.17391586,42.74042892,0.018839376,32078.09961,0.999639094,27.78127976,10.8312912,15.73200035
4/22/26 20:10:00.000,72.79947662,8.640180588,83.48018646,2.22359015,31.20298195,42.76309204,0.018850775,32048.21875,0.999637544,27.79600956,10.8466444,15.72299957
4/22/26 20:20:00.000,72.33209991,8.634298325,83.47541046,2.222791139,31.21018791,42.75683212,0.018848205,32040.82031,0.999636233,27.79194154,10.86105633,15.73200035
4/22/26 20:30:00.000,71.33414459,8.618950844,83.38349152,2.219486072,31.22517967,42.76267624,0.018851435,32025.43555,0.999634743,27.79573947,10.87418938,15.75899982
4/22/26 20:40:00.000,71.69166565,8.603482246,83.27203369,2.216276308,31.25143051,42.78125763,0.018860873,31998.53516,0.999633372,27.80781686,10.88971043,15.72299957
4/22/26 20:50:00.000,72.16937256,8.588105202,83.15415192,2.21291518,31.26088333,42.78060913,0.018860932,31988.85938,0.999632061,27.80739591,10.90186024,15.73200035
4/22/26 21:00:00.000,72.16501617,8.575356483,83.068367,2.210340966,31.26816368,42.77444077,0.018858407,31981.41211,0.99963063,27.80338563,10.91628742,15.73200035
4/22/26 21:10:00.000,71.34583282,8.591662407,83.26946259,2.215362078,31.27808952,42.7694931,0.018856524,31971.26172,0.999629021,27.8001707,10.9328661,15.75
4/22/26 21:20:00.000,72.4391861,8.601642609,83.39229584,2.218702256,31.27983475,42.75460052,0.018849825,31969.47852,0.999627471,27.79049054,10.94833755,15.73200035
4/22/26 21:30:00.000,72.85848236,8.599081993,83.40406036,2.218750941,31.28290749,42.74279022,0.018844565,31966.33789,0.999625981,27.78281271,10.96268845,15.73200035
4/22/26 21:40:00.000,73.20813751,8.6121912,83.5603714,2.222997088,31.3002739,42.74707413,0.01884716,31948.60156,0.999624193,27.78559737,10.98011971,15.73200035
4/22/26 21:50:00.000,73.57006836,8.581106186,83.29395294,2.215760255,31.32192802,42.75885773,0.018853333,31926.51563,0.999622643,27.79325843,10.99606419,15.74100018
4/22/26 22:00:00.000,72.78369904,8.581221581,83.31355286,2.216462783,31.33774567,42.76519775,0.018856797,31910.40039,0.999621153,27.7973786,11.00974846,15.72299957
4/22/26 22:10:00.000,73.2848587,8.580711365,83.3371582,2.217050829,31.35370445,42.77081299,0.018859951,31894.1582,0.999619663,27.80102938,11.02424335,15.72299957
4/22/26 22:20:00.000,73.02973938,8.617547989,83.72742462,2.227221107,31.36986923,42.77822876,0.018863926,31877.72266,0.999618471,27.80584805,11.0373745,15.73200035
4/22/26 22:30:00.000,73.27552032,8.611046791,83.69169617,2.226102845,31.37851334,42.77730942,0.018863825,31868.94141,0.999617398,27.805252,11.04878044,15.74100018
4/22/26 22:40:00.000,73.13848877,8.604789734,83.66798401,2.224984141,31.37674141,42.76366425,0.018857546,31870.74023,0.999616265,27.79638208,11.05886745,15.75899982
4/22/26 22:50:00.000,73.35849762,8.596254349,83.61103821,2.223398217,31.38305473,42.75831223,0.018855341,31864.33008,0.999614954,27.79290266,11.0714035,15.75899982
4/22/26 23:00:00.000,73.20113373,8.604067802,83.69993591,2.225643443,31.39355659,42.76762009,0.018859968,31853.66992,0.999614477,27.79895253,11.07589626,15.74100018
4/22/26 23:10:00.000,72.11679077,8.600254059,83.69819641,2.225316964,31.42371178,42.79384232,0.018873014,31823.10156,0.999613166,27.8159976,11.08924198,15.72299957
4/22/26 23:20:00.000,73.79232788,8.597780228,83.68228149,2.22494962,31.43614197,42.80459595,0.018878371,31810.51953,0.999612629,27.82298811,11.09478664,15.75
4/22/26 23:30:00.000,72.13780975,8.578251839,83.50222015,2.220208664,31.45573807,42.82421875,0.018888023,31790.70313,0.999611914,27.83574164,11.10112762,15.70499992
4/22/26 23:40:00.000,72.17192841,8.567902565,83.41567993,2.217935407,31.45656013,42.81617355,0.018884391,31789.87109,0.99961108,27.83051319,11.10935879,15.75899982
4/22/26 23:50:00.000,70.6008606,8.568986893,83.43676758,2.218477867,31.47169876,42.83089066,0.018891646,31774.58008,0.999610543,27.84007974,11.114645,15.74100018
4/23/26 0:00:00.000,70.93868256,8.573968887,83.49286652,2.220128999,31.49533463,42.85494995,0.01890347,31750.73438,0.999609828,27.85571851,11.12192059,15.75899982
4/23/26 0:10:00.000,72.38171387,8.60043335,83.7570343,2.227180241,31.51326942,42.87484741,0.018913187,31732.66406,0.999609411,27.86865085,11.12596798,15.72299957
4/23/26 0:20:00.000,71.41632843,8.614033699,83.88878632,2.230868439,31.52744484,42.89044189,0.018920809,31718.39648,0.999608994,27.87878737,11.12927723,15.72299957
4/23/26 0:30:00.000,71.59896851,8.607348442,83.83563995,2.229385193,31.53846169,42.89980698,0.018925477,31707.31641,0.999608517,27.88487636,11.13432503,15.75
4/23/26 0:40:00.000,71.84981537,8.620604515,83.9666748,2.232953008,31.55375671,42.91758347,0.018934133,31691.94727,0.999608278,27.89643034,11.13704014,15.74100018
4/23/26 0:50:00.000,71.7202301,8.593157768,83.697258,2.225963431,31.57911873,42.94940567,0.018949557,31666.49414,0.99960804,27.91711316,11.13943577,15.75899982
4/23/26 1:00:00.000,72.06018066,8.565198898,83.4256134,2.218870143,31.60313416,42.97865677,0.018963758,31642.43164,0.999607742,27.9361289,11.14249039,15.72299957
4/23/26 1:10:00.000,72.00099945,8.564558029,83.41783905,2.218826918,31.61994362,42.99882126,0.018973559,31625.60938,0.999607563,27.94923261,11.14490604,15.74100018
4/23/26 1:20:00.000,71.99091339,8.558449745,83.35214996,2.217226092,31.62276649,43.00298309,0.018975563,31622.78711,0.999607563,27.95193903,11.14461708,15.72299957
4/23/26 1:30:00.000,71.74920654,8.550232887,83.26173401,2.215231073,31.6373291,43.01978683,0.018983748,31608.23047,0.999607265,27.96286158,11.14729881,15.73200035
4/23/26 1:40:00.000,71.71331787,8.545409203,83.21370697,2.213997887,31.63905334,43.02177048,0.018984711,31606.50781,0.999607325,27.96415053,11.14762497,15.72299957
4/23/26 1:50:00.000,72.42589569,8.537464142,83.13303375,2.21196038,31.63343048,43.01359177,0.018980782,31612.12695,0.999607205,27.95883454,11.14809704,15.75
4/23/26 2:00:00.000,71.97407532,8.551125526,83.26364899,2.215548995,31.63017654,43.00809479,0.018978158,31615.37891,0.999606967,27.95526199,11.1490612,15.72299957
4/23/26 2:10:00.000,73.11476898,8.554265022,83.28316498,2.216334876,31.62765503,43.00534439,0.018976811,31617.89844,0.999607205,27.95347385,11.14845467,15.71399975
4/23/26 2:20:00.000,73.08526611,8.560920715,83.35122681,2.218048708,31.6411972,43.02395248,0.018985787,31604.36719,0.999607205,27.96556987,11.1482811,15.71399975
4/23/26 2:30:00.000,72.51038361,8.563225746,83.37287903,2.218592791,31.64915466,43.03597641,0.018991558,31596.41992,0.999607265,27.97338367,11.14720345,15.70499992
4/23/26 2:40:00.000,72.02159882,8.558058739,83.31664276,2.217271088,31.64965248,43.03626633,0.018991701,31595.92383,0.999607265,27.97357365,11.14755154,15.71399975
4/23/26 2:50:00.000,72.2720871,8.57523632,83.47499084,2.221649569,31.66959572,43.06507874,0.019005559,31576.02734,0.999607444,27.99230069,11.14603424,15.71399975
4/23/26 3:00:00.000,72.47296143,8.574904442,83.46936798,2.221552495,31.6614418,43.05418777,0.019000301,31584.1582,0.999607444,27.98522264,11.14585972,15.70499992
4/23/26 3:10:00.000,71.90300751,8.588180542,83.61459351,2.224973077,31.6627655,43.05636978,0.019001344,31582.83789,0.999607444,27.98664011,11.14551353,15.74100018
4/23/26 3:20:00.000,71.78464508,8.587682724,83.61271667,2.224742491,31.66609383,43.0632515,0.019004598,31579.51953,0.999607682,27.99111232,11.14340782,15.72299957
4/23/26 3:30:00.000,71.91547394,8.571422577,83.45726013,2.220527619,31.67459488,43.07487106,0.019010203,31571.04297,0.999607682,27.99866535,11.14335537,15.75
4/23/26 3:40:00.000,72.92765045,8.571795464,83.45374298,2.22054547,31.69053841,43.09838486,0.019021496,31555.16016,0.999607801,28.01395021,11.14172077,15.75
4/23/26 3:50:00.000,71.74448395,8.557683945,83.30939484,2.216958182,31.69361877,43.10099411,0.019022802,31552.09375,0.999607742,28.01564708,11.1431303,15.70499992
4/23/26 4:00:00.000,72.10207367,8.547749519,83.21691895,2.214409933,31.71177292,43.12506104,0.019034425,31534.0293,0.999607682,28.03128958,11.14368439,15.71399975
4/23/26 4:10:00.000,71.31924438,8.542531013,83.16410065,2.212939375,31.71835899,43.13680649,0.019040016,31527.48242,0.99960798,28.03892456,11.14119625,15.74100018
4/23/26 4:20:00.000,72.205513,8.539589882,83.13717651,2.212139478,31.73792458,43.16423035,0.019053226,31508.04688,0.99960798,28.05675007,11.14047146,15.73200035
4/23/26 4:30:00.000,71.4755249,8.527986526,83.00753784,2.20912991,31.75188637,43.18334961,0.019062448,31494.19141,0.99960804,28.06917764,11.1403513,15.71399975
4/23/26 4:40:00.000,71.24377441,8.555378914,83.27008057,2.21611329,31.75457191,43.18949509,0.019065347,31491.52734,0.999608278,28.07317302,11.13813019,15.72299957
4/23/26 4:50:00.000,71.46670532,8.579036713,83.50078583,2.222062204,31.75217819,43.1903801,0.019065659,31493.90234,0.999608576,28.07374671,11.13444328,15.70499992
4/23/26 5:00:00.000,72.3267746,8.592148781,83.62580872,2.225311358,31.73960686,43.17658234,0.019058917,31506.37695,0.999608934,28.06477807,11.13149643,15.72299957
4/23/26 5:10:00.000,71.4862442,8.588153839,83.59067535,2.224173181,31.76383209,43.21186066,0.019075874,31482.34766,0.999609053,28.0877091,11.12942791,15.71399975
4/23/26 5:20:00.000,72.28326416,8.592544556,83.63579559,2.22512031,31.76468086,43.21737671,0.019078415,31481.50586,0.99960953,28.09129469,11.12554073,15.71399975
4/23/26 5:30:00.000,72.37773895,8.602437019,83.71936035,2.227417466,31.75892258,43.21549988,0.019077351,31487.21484,0.999610126,28.09007652,11.1202364,15.72299957
4/23/26 5:40:00.000,71.73635864,8.618309021,83.86342621,2.231292581,31.77361107,43.24078369,0.01908941,31472.6582,0.999610603,28.10650878,11.11552715,15.74100018
4/23/26 5:50:00.000,71.81863403,8.598856926,83.66890717,2.225966382,31.77084732,43.24362183,0.019090598,31475.39648,0.999611139,28.10835466,11.10965538,15.74100018
4/23/26 6:00:00.000,72.27240753,8.592440605,83.61421204,2.22404011,31.76571083,43.24266815,0.019089973,31480.48633,0.999611676,28.1077344,11.10428333,15.6960001
4/23/26 6:10:00.000,71.88251495,8.591328621,83.6002121,2.223479209,31.77515221,43.26181793,0.019099044,31471.13086,0.999612391,28.12018059,11.09868431,15.70499992
4/23/26 6:20:00.000,71.90181732,8.588362694,83.56958771,2.222396797,31.77086449,43.26303101,0.019099437,31475.37891,0.999612987,28.12097035,11.09241867,15.71399975
4/23/26 6:30:00.000,71.82649994,8.57417202,83.43162537,2.21842756,31.78845406,43.29383469,0.01911412,31457.96289,0.999613643,28.14099193,11.08633423,15.72299957
4/23/26 6:40:00.000,72.80438995,8.565243721,83.33224487,2.215815873,31.77454758,43.28185272,0.019108148,31471.73047,0.999614239,28.13320421,11.08015633,15.70499992
4/23/26 6:50:00.000,71.91754913,8.588717461,83.5561676,2.221571379,31.77615929,43.29116821,0.019112445,31470.13477,0.999615014,28.13925967,11.07383347,15.72299957
4/23/26 7:00:00.000,71.86522675,8.581327438,83.4681015,2.219269354,31.77752876,43.3020134,0.019117437,31468.77734,0.999615788,28.14630792,11.0658617,15.71399975
4/23/26 7:10:00.000,71.40969086,8.578930855,83.42962646,2.218224856,31.76766205,43.29824829,0.019115355,31478.55273,0.999616683,28.1438604,11.05727577,15.70499992
4/23/26 7:20:00.000,71.67987061,8.571001053,83.32722473,2.215735323,31.78209305,43.32796097,0.019129416,31464.25781,0.999617577,28.16317417,11.0483675,15.71399975
4/23/26 7:30:00.000,71.90177917,8.565699577,83.26203918,2.213865112,31.78723907,43.34643936,0.01913802,31459.16406,0.99961859,28.17518637,11.03821564,15.6960001
4/23/26 7:40:00.000,72.42848969,8.581492424,83.39703369,2.217379521,31.78154373,43.35163879,0.019140176,31464.80273,0.999619663,28.1785652,11.02672863,15.6960001
4/23/26 7:50:00.000,72.22473145,8.601525307,83.55965424,2.222007176,31.76432419,43.34061813,0.019134516,31481.85938,0.999620855,28.17140147,11.0156908,15.70499992
4/23/26 8:00:00.000,72.50105286,8.614343643,83.66388702,2.224742638,31.73659897,43.31594086,0.019122262,31509.36328,0.999622047,28.15536223,11.00403595,15.6960001
4/23/26 8:10:00.000,72.79445648,8.593149185,83.43930817,2.218716419,31.72067833,43.30676651,0.019117491,31525.17773,0.99962312,28.14939804,10.99291706,15.6960001
4/23/26 8:20:00.000,73.34925079,8.557932854,83.06877899,2.209076357,31.72024345,43.31875992,0.019122928,31525.60938,0.999624312,28.15719321,10.98177338,15.6960001
4/23/26 8:30:00.000,72.00295258,8.537566185,82.84709167,2.203270692,31.70335197,43.30839157,0.019117583,31542.40625,0.999625444,28.15045416,10.97053242,15.70499992
4/23/26 8:40:00.000,71.86902618,8.616577148,83.59288025,2.223087965,31.67090988,43.27709198,0.019102126,31574.7168,0.999626577,28.13010849,10.95900249,15.73200035
4/23/26 8:50:00.000,71.45895386,8.659803391,83.98879242,2.23363916,31.65332413,43.26663971,0.019096714,31592.25781,0.999627769,28.12331542,10.94697857,15.6960001
4/23/26 9:00:00.000,69.54357147,8.682060242,84.18322754,2.238757935,31.62229156,43.23825073,0.019082634,31623.26172,0.999629021,28.10486406,10.93455219,15.70499992
4/23/26 9:10:00.000,69.14914703,8.697834969,84.31059265,2.24227618,31.62064171,43.24843597,0.019087208,31624.91211,0.999630153,28.1114839,10.92353535,15.6960001
4/23/26 9:20:00.000,69.03800201,8.695752144,84.26617432,2.241106136,31.61219597,43.25115585,0.019088119,31633.36133,0.999631405,28.11325155,10.91090679,15.71399975
4/23/26 9:30:00.000,69.44783783,8.697610855,84.26561737,2.240974541,31.61333656,43.26649094,0.019095136,31632.21875,0.999632657,28.12322043,10.8987236,15.72299957
4/23/26 9:40:00.000,69.14395905,8.67647171,84.04779816,2.234971189,31.59700966,43.2568512,0.019090137,31648.56445,0.99963367,28.11695449,10.8874855,15.6960001
4/23/26 9:50:00.000,68.60578156,8.687016487,84.11660004,2.237016958,31.58568954,43.25651169,0.019089554,31659.90625,0.999634922,28.11673284,10.87408352,15.72299957
4/23/26 10:00:00.000,69.36051941,8.715435982,84.35527802,2.243497416,31.57694626,43.26342392,0.019092361,31668.67383,0.999636769,28.1212274,10.85739422,15.6960001
4/23/26 10:10:00.000,68.46929169,8.735609055,84.52693939,2.247911007,31.55793953,43.25498199,0.019087801,31687.74609,0.999638259,28.11574005,10.84184837,15.71399975
4/23/26 10:20:00.000,69.21414185,8.718513489,84.32307434,2.242627886,31.55534172,43.27137375,0.019095147,31690.35547,0.999640048,28.12639438,10.82423687,15.68700027
4/23/26 10:30:00.000,68.45760345,8.725919724,84.3214035,2.242642934,31.53408623,43.28490448,0.019100476,31711.7168,0.999643862,28.13518792,10.78658676,15.68700027
4/23/26 10:40:00.000,69.11456299,8.689350128,83.91493225,2.232329555,31.52846336,43.29790497,0.019106163,31717.37109,0.999645531,28.14363874,10.76834106,15.6960001
4/23/26 10:50:00.000,68.81125641,8.627667427,83.28971863,2.21568118,31.53553581,43.32603073,0.019119201,31710.25781,0.999647081,28.16192061,10.75213718,15.68700027
4/23/26 11:00:00.000,69.47504425,8.617879868,83.15190887,2.21233097,31.5241394,43.32951736,0.019120341,31721.72266,0.99964875,28.16418558,10.73529625,15.6960001
4/23/26 11:10:00.000,69.78134155,8.622566223,83.14749908,2.212360623,31.53235245,43.36780167,0.019138036,31713.46094,0.999651074,28.18907052,10.71158695,15.68700027
4/23/26 11:20:00.000,70.6648941,8.694828987,83.81224823,2.230158829,31.53357315,43.38638306,0.019146509,31712.23242,0.999652565,28.20114791,10.69675636,15.68700027
4/23/26 11:30:00.000,70.53675842,8.736721992,84.18247223,2.240237197,31.51694107,43.37864304,0.01914235,31728.9668,0.999653876,28.19611877,10.68347168,15.70499992
4/23/26 11:40:00.000,70.63510132,8.633498192,83.15200043,2.213141488,31.47484207,43.33509445,0.019120945,31771.40625,0.999655068,28.16781215,10.6708374,15.67800045
4/23/26 11:50:00.000,70.62301636,8.626503944,83.0512085,2.210656381,31.45140839,43.31872177,0.019112604,31795.07813,0.999656379,28.157169,10.65688705,15.71399975
4/23/26 12:00:00.000,70.72074127,8.69212532,83.64493561,2.22668204,31.45178223,43.33725357,0.019121019,31794.70117,0.999657989,28.16921473,10.64108372,15.67800045
4/23/26 12:10:00.000,70.77342224,8.771317482,84.37519073,2.246440302,31.44412994,43.33873367,0.019121386,31802.4375,0.999659061,28.17017771,10.63054466,15.6960001
4/23/26 12:20:00.000,70.78490448,8.791145325,84.54012299,2.251020453,31.44042206,43.34482193,0.019124007,31806.18945,0.999659836,28.17413397,10.62072659,15.6960001
4/23/26 12:30:00.000,70.25292206,8.786858559,84.47194672,2.249431872,31.43817902,43.35289001,0.019127568,31808.45898,0.99966085,28.17937732,10.61095333,15.6960001
